,1,1,2,1,0,0,0
,1,2,2,2,0,0,0
,1,3,3,2,0,0,0
,1,4,1,2,0,0,0
,1,5,2,1,0,0,0
,1,6,1,2,0,0,0
,1,7,3,2,0,0,0
,1,8,2,2,0,0,0
,1,9,2,2,9,0,2
,1,10,2,2,0,0,0
,1,11,2,1,0,0,0
,1,12,1,1,0,0,0
,1,13,1,2,0,0,0
,1,14,3,1,0,0,0
,1,15,1,2,0,0,0
,1,16,2,1,0,0,0
,1,17,2,2,0,0,0
,1,18,1,1,0,0,0
,1,19,2,1,0,0,0
,1,20,1,1,0,0,0
,1,21,2,1,0,0,0
,1,22,2,2,0,0,0
,1,23,2,1,0,0,0
,1,24,3,2,0,0,0
,1,25,1,2,0,0,0
,1,26,2,2,0,0,0
,1,27,2,1,0,0,0
,1,28,4,3,0,0,0
,1,29,2,1,0,0,0
,1,30,4,3,0,0,0
,1,31,2,1,1,0,0
,1,32,2,1,0,0,0
,1,33,2,2,4,0,0
,1,34,2,1,0,0,0
,1,35,2,1,0,0,0
,1,36,2,2,0,0,0
,1,37,3,2,9802,213,214
,1,38,3,2,0,0,0
,1,39,1,1,0,0,0
,1,40,2,1,0,0,0
,1,41,3,1,0,0,0
,1,42,2,2,0,0,0
,1,43,2,1,0,0,0
,1,44,2,2,0,0,0
,1,45,2,2,0,0,0
,1,46,1,2,0,0,0
,1,47,2,2,0,0,0
,1,48,2,2,0,0,0
,1,49,4,3,0,0,0
,1,50,1,1,0,0,0
,1,51,1,1,0,0,0
,1,52,2,1,0,0,0
,1,53,2,2,0,0,0
,1,54,3,1,0,0,0
,1,55,2,1,0,0,0
,1,56,1,1,0,0,0
,1,57,2,1,0,0,0
,1,58,1,2,0,0,0
,1,59,1,1,0,0,0
,1,60,3,1,0,0,0
,1,61,1,1,0,0,0
,1,62,2,2,1,0,0
,1,63,3,2,0,0,0
,1,64,2,1,0,0,0
,1,65,2,1,0,0,0
,1,66,2,1,0,0,0
,1,67,3,2,5,0,0
,1,68,2,1,0,0,0
,1,69,2,2,0,0,0
,1,70,1,1,0,0,0
,1,71,2,1,0,0,0
,1,72,2,1,0,0,0
,1,73,1,1,0,0,0
,1,74,1,1,0,0,0
,1,75,2,1,0,0,0
,1,76,4,3,0,0,0
,1,77,2,2,0,0,0
,1,78,2,2,0,0,0
,1,79,1,2,0,0,0
,1,80,3,1,1,0,0
,1,81,3,1,0,0,0
,1,82,3,2,0,0,0
,1,83,3,1,0,0,0
,1,84,2,2,0,0,0
,1,85,2,2,0,0,0
,1,86,3,2,2,0,0
,1,87,2,1,0,0,0
,1,88,3,2,15,0,1
,1,89,2,1,0,0,0
,1,90,2,1,0,0,0
,1,91,3,1,0,0,0
,1,92,3,2,11,0,0
,1,93,4,3,0,0,0
,1,94,2,2,0,0,0
,1,95,2,1,0,0,0
,1,96,2,1,0,0,0
,1,97,1,2,0,0,0
,1,98,2,2,0,0,0
,1,99,2,1,0,0,0
,1,100,2,1,0,0,0
,1,101,2,1,0,0,0
,1,102,1,2,0,0,0
,1,103,2,2,0,0,0
,1,104,1,2,0,0,0
,1,105,4,3,0,0,0
,1,106,2,1,0,0,0
,1,107,2,1,0,0,0
,1,108,2,2,8,0,0
,1,109,1,2,0,0,0
,1,110,2,1,0,0,0
,1,111,1,2,0,0,0
,1,112,1,1,0,0,0
,1,113,2,1,0,0,0
,1,114,1,1,0,0,0
,1,115,3,2,0,0,0
,1,116,4,3,0,0,0
,1,117,2,1,0,0,0
,1,118,1,2,0,0,0
,1,119,2,1,0,0,0
,1,120,1,2,0,0,0
,1,121,2,2,0,0,0
,1,122,2,1,0,0,0
,1,123,2,1,0,0,0
,1,124,2,1,1,0,0
,1,125,2,2,0,0,0
,1,126,2,2,0,0,0
,1,127,2,1,0,0,0
,1,128,2,1,0,0,0
,1,129,3,1,0,0,0
,1,130,2,2,0,0,0
,1,131,2,2,0,0,0
,1,132,2,2,0,0,0
,1,133,3,1,0,0,0
,1,134,2,2,0,0,0
,1,135,2,1,0,0,0
,1,136,2,1,0,0,0
,1,137,2,2,0,0,0
,1,138,3,1,1,0,0
,1,139,2,2,0,0,0
,1,140,2,2,0,0,0
,1,141,2,2,0,0,0
,1,142,2,2,0,0,0
,1,143,3,1,2,0,0
,1,144,2,1,0,0,0
,1,145,1,2,0,0,0
,1,146,1,2,0,0,0
,1,147,1,1,0,0,0
,1,148,1,1,0,0,0
,1,149,1,2,0,0,0
,1,150,1,1,0,0,0
,1,151,2,2,0,0,0
,1,152,2,1,0,0,0
,1,153,2,2,0,0,0
,1,154,1,1,0,0,0
,1,155,2,1,0,0,0
,1,156,2,2,13,0,0
,1,157,2,2,0,0,0
,1,158,2,2,0,0,0
,1,159,1,1,0,0,0
,1,160,2,1,0,0,0
,1,161,3,1,0,0,0
,1,162,2,1,0,0,0
,1,163,3,2,0,0,0
,1,164,2,2,1,0,0
,1,165,3,1,0,0,0
,1,166,1,1,0,0,0
,1,167,2,2,0,0,0
,1,168,2,2,0,0,0
,1,169,2,1,0,0,0
,1,170,2,2,10,0,0
,1,171,2,1,0,0,0
,1,172,3,1,0,0,0
,1,173,3,2,19,0,8
,1,174,1,1,0,0,0
,1,175,2,1,0,0,0
,1,176,1,1,0,0,0
,1,177,2,2,0,0,0
,1,178,3,2,0,0,0
,1,179,3,2,8,0,0
,1,180,3,1,0,0,0
,1,181,3,1,0,0,0
,1,182,2,2,4,0,0
,1,183,3,2,2,0,0
,1,184,2,2,0,0,0
,1,185,2,1,0,0,0
,1,186,1,1,0,0,0
,1,187,2,1,0,0,0
,1,188,3,2,2,0,0
,1,189,4,3,0,0,0
,1,190,2,1,0,0,0
,1,191,2,1,0,0,0
,1,192,2,1,0,0,0
,2,1,2,1,1,0,0
,2,2,2,2,0,0,0
,2,3,3,2,1,0,0
,2,4,1,2,0,0,0
,2,5,2,1,0,0,0
,2,6,1,2,0,0,0
,2,7,3,2,0,0,0
,2,8,2,2,0,0,0
,2,9,2,2,16,0,9
,2,10,2,2,9,0,0
,2,11,2,1,0,0,0
,2,12,1,1,0,0,0
,2,13,1,2,41,0,0
,2,14,3,1,0,0,0
,2,15,1,2,0,0,0
,2,16,2,1,1,0,0
,2,17,2,2,1,0,1
,2,18,1,1,0,0,0
,2,19,2,1,0,0,0
,2,20,1,1,0,0,0
,2,21,2,1,0,0,0
,2,22,2,2,0,0,0
,2,23,2,1,0,0,0
,2,24,3,2,2,0,0
,2,25,1,2,0,0,0
,2,26,2,2,0,0,0
,2,27,2,1,0,0,0
,2,28,4,3,0,0,0
,2,29,2,1,0,0,0
,2,30,4,3,0,0,0
,2,31,2,1,0,0,1
,2,32,2,1,0,0,0
,2,33,2,2,16,0,6
,2,34,2,1,0,0,0
,2,35,2,1,0,0,0
,2,36,2,2,2,0,0
,2,37,3,2,69554,2624,39106
,2,38,3,2,0,0,0
,2,39,1,1,0,0,0
,2,40,2,1,0,0,0
,2,41,3,1,0,0,0
,2,42,2,2,0,0,0
,2,43,2,1,0,0,0
,2,44,2,2,6,0,0
,2,45,2,2,0,0,0
,2,46,1,2,0,0,0
,2,47,2,2,0,0,0
,2,48,2,2,3,0,0
,2,49,4,3,705,6,10
,2,50,1,1,0,0,0
,2,51,1,1,0,0,0
,2,52,2,1,0,0,0
,2,53,2,2,0,0,0
,2,54,3,1,1,0,1
,2,55,2,1,0,0,0
,2,56,1,1,0,0,0
,2,57,2,1,0,0,0
,2,58,1,2,1,0,0
,2,59,1,1,0,0,0
,2,60,3,1,0,0,0
,2,61,1,1,0,0,0
,2,62,2,2,2,0,1
,2,63,3,2,0,2,12
,2,64,2,1,0,0,0
,2,65,2,1,0,0,0
,2,66,2,1,1,0,0
,2,67,3,2,74,0,16
,2,68,2,1,0,0,0
,2,69,2,2,4,0,0
,2,70,1,1,0,0,0
,2,71,2,1,0,0,0
,2,72,2,1,0,0,0
,2,73,1,1,0,0,0
,2,74,1,1,0,0,0
,2,75,2,1,0,0,0
,2,76,4,3,0,0,0
,2,77,2,2,0,0,0
,2,78,2,2,0,0,0
,2,79,1,2,1,0,0
,2,80,3,1,2,0,3
,2,81,3,1,0,0,0
,2,82,3,2,593,43,123
,2,83,3,1,13,0,0
,2,84,2,2,1,0,0
,2,85,2,2,6,0,0
,2,86,3,2,1126,29,46
,2,87,2,1,0,0,0
,2,88,3,2,230,6,31
,2,89,2,1,0,0,0
,2,90,2,1,0,0,0
,2,91,3,1,0,0,0
,2,92,3,2,3139,16,27
,2,93,4,3,0,0,0
,2,94,2,2,45,0,0
,2,95,2,1,0,0,0
,2,96,2,1,0,0,0
,2,97,1,2,0,0,0
,2,98,2,2,4,0,0
,2,99,2,1,0,0,0
,2,100,2,1,0,0,0
,2,101,2,1,0,0,0
,2,102,1,2,0,0,0
,2,103,2,2,1,0,0
,2,104,1,2,1,0,0
,2,105,4,3,0,0,0
,2,106,2,1,0,0,0
,2,107,2,1,0,0,0
,2,108,2,2,17,0,18
,2,109,1,2,0,0,0
,2,110,2,1,0,0,0
,2,111,1,2,0,0,0
,2,112,1,1,0,0,0
,2,113,2,1,0,0,0
,2,114,1,1,0,0,0
,2,115,3,2,4,0,0
,2,116,4,3,0,0,0
,2,117,2,1,0,0,0
,2,118,1,2,1,0,0
,2,119,2,1,0,0,0
,2,120,1,2,0,0,0
,2,121,2,2,0,0,0
,2,122,2,1,0,0,0
,2,123,2,1,0,0,0
,2,124,2,1,0,0,1
,2,125,2,2,6,0,0
,2,126,2,2,1,0,0
,2,127,2,1,0,0,0
,2,128,2,1,0,0,0
,2,129,3,1,1,0,0
,2,130,2,2,1,0,0
,2,131,2,2,15,0,0
,2,132,2,2,6,0,1
,2,133,3,1,4,0,0
,2,134,2,2,0,0,0
,2,135,2,1,0,0,0
,2,136,2,1,0,0,0
,2,137,2,2,0,0,0
,2,138,3,1,2,1,1
,2,139,2,2,0,0,0
,2,140,2,2,0,0,0
,2,141,2,2,1,0,0
,2,142,2,2,3,0,0
,2,143,3,1,0,0,2
,2,144,2,1,0,0,0
,2,145,1,2,0,0,0
,2,146,1,2,0,0,0
,2,147,1,1,0,0,0
,2,148,1,1,0,0,0
,2,149,1,2,1,0,0
,2,150,1,1,0,0,0
,2,151,2,2,0,0,0
,2,152,2,1,0,0,0
,2,153,2,2,0,0,0
,2,154,1,1,0,0,0
,2,155,2,1,0,0,0
,2,156,2,2,89,0,72
,2,157,2,2,0,0,0
,2,158,2,2,0,0,0
,2,159,1,1,0,0,0
,2,160,2,1,0,0,0
,2,161,3,1,0,0,0
,2,162,2,1,0,0,0
,2,163,3,2,45,0,2
,2,164,2,2,0,0,1
,2,165,3,1,0,0,0
,2,166,1,1,0,0,0
,2,167,2,2,14,0,0
,2,168,2,2,18,0,0
,2,169,2,1,0,0,0
,2,170,2,2,29,1,9
,2,171,2,1,0,0,0
,2,172,3,1,0,0,0
,2,173,3,2,23,0,20
,2,174,1,1,0,0,0
,2,175,2,1,0,0,0
,2,176,1,1,0,0,0
,2,177,2,2,0,0,0
,2,178,3,2,0,0,0
,2,179,3,2,17,1,7
,2,180,3,1,0,0,0
,2,181,3,1,0,0,0
,2,182,2,2,17,0,5
,2,183,3,2,59,0,8
,2,184,2,2,0,0,0
,2,185,2,1,0,0,0
,2,186,1,1,0,0,0
,2,187,2,1,0,0,0
,2,188,3,2,14,0,16
,2,189,4,3,0,0,0
,2,190,2,1,0,0,0
,2,191,2,1,0,0,0
,2,192,2,1,0,0,0
,3,1,2,1,174,4,5
,3,2,2,2,243,15,52
,3,3,3,2,715,44,46
,3,4,1,2,376,12,10
,3,5,2,1,7,2,1
,3,6,1,2,7,0,0
,3,7,3,2,1054,27,240
,3,8,2,2,532,3,30
,3,9,2,2,4534,18,347
,3,10,2,2,10171,128,1095
,3,11,2,1,298,5,26
,3,12,1,1,14,0,1
,3,13,1,2,526,4,295
,3,14,3,1,51,5,25
,3,15,1,2,34,0,0
,3,16,2,1,151,1,47
,3,17,2,2,12774,705,1695
,3,18,1,1,3,0,0
,3,19,2,1,9,0,1
,3,20,1,1,4,0,0
,3,21,2,1,107,6,0
,3,22,2,2,420,13,17
,3,23,2,1,4,1,0
,3,24,3,2,5715,201,127
,3,25,1,2,129,1,45
,3,26,2,2,399,8,17
,3,27,2,1,261,14,32
,3,28,4,3,15,1,0
,3,29,2,1,2,0,0
,3,30,4,3,6,1,0
,3,31,2,1,108,0,22
,3,32,2,1,193,6,5
,3,33,2,2,8507,152,1586
,3,34,2,1,3,0,0
,3,35,2,1,7,0,0
,3,36,2,2,2842,12,156
,3,37,3,2,2923,472,36886
,3,38,3,2,906,16,31
,3,39,1,1,0,0,0
,3,40,2,1,19,0,0
,3,41,3,1,98,8,2
,3,42,2,2,347,2,4
,3,43,2,1,179,1,7
,3,44,2,2,861,6,67
,3,45,2,2,186,6,8
,3,46,1,2,262,8,23
,3,47,2,2,3308,31,45
,3,48,2,2,3036,90,77
,3,49,4,3,7,4,593
,3,50,1,1,30,0,0
,3,51,1,1,12,0,0
,3,52,2,1,1109,51,5
,3,53,2,2,2240,75,54
,3,54,3,1,709,46,156
,3,55,2,1,32,1,0
,3,56,1,1,12,0,1
,3,57,2,1,15,0,0
,3,58,1,2,744,4,26
,3,59,1,1,9,0,0
,3,60,3,1,26,0,2
,3,61,1,1,5,0,0
,3,62,2,2,1415,17,9
,3,63,3,2,699,3524,9501
,3,64,2,1,16,1,0
,3,65,2,1,4,1,0
,3,66,2,1,109,0,21
,3,67,3,2,71729,775,16084
,3,68,2,1,161,5,31
,3,69,2,2,1310,49,52
,3,70,1,1,9,0,0
,3,71,2,1,38,1,12
,3,72,2,1,22,0,0
,3,73,1,1,8,0,0
,3,74,1,1,12,2,0
,3,75,2,1,15,0,1
,3,76,4,3,6,0,0
,3,77,2,2,141,7,3
,3,78,2,2,492,16,37
,3,79,1,2,1134,2,198
,3,80,3,1,1394,35,120
,3,81,3,1,1528,136,81
,3,82,3,2,44012,2855,14533
,3,83,3,1,681,50,170
,3,84,2,2,3234,71,5
,3,85,2,2,5711,21,210
,3,86,3,2,104664,12399,15683
,3,87,2,1,36,1,2
,3,88,3,2,2010,61,392
,3,89,2,1,274,5,30
,3,90,2,1,343,2,24
,3,91,3,1,59,1,1
,3,92,3,2,6636,146,5381
,3,93,4,3,106,1,1
,3,94,2,2,244,0,73
,3,95,2,1,107,0,3
,3,96,2,1,9,0,0
,3,97,1,2,398,0,1
,3,98,2,2,466,12,37
,3,99,2,1,0,0,0
,3,100,2,1,3,0,0
,3,101,2,1,10,0,1
,3,102,1,2,68,0,44
,3,103,2,2,467,4,0
,3,104,1,2,2177,23,80
,3,105,4,3,2,0,0
,3,106,2,1,57,0,0
,3,107,2,1,0,0,0
,3,108,2,2,2741,43,519
,3,109,1,2,18,0,13
,3,110,2,1,28,2,0
,3,111,1,2,169,0,2
,3,112,1,1,0,0,0
,3,113,2,1,6,1,2
,3,114,1,1,143,5,0
,3,115,3,2,1211,29,35
,3,116,4,3,0,0,0
,3,117,2,1,353,4,18
,3,118,1,2,51,1,2
,3,119,2,1,12,0,2
,3,120,1,2,109,2,0
,3,121,2,2,617,36,24
,3,122,2,1,8,0,0
,3,123,2,1,11,0,2
,3,124,2,1,4,0,0
,3,125,2,2,12661,1040,3
,3,126,2,2,646,1,74
,3,127,2,1,5,1,0
,3,128,2,1,27,3,0
,3,129,3,1,134,2,8
,3,130,2,2,328,9,12
,3,131,2,2,4626,39,13
,3,132,2,2,186,1,33
,3,133,3,1,2114,27,94
,3,134,2,2,1181,30,9
,3,135,2,1,1,0,0
,3,136,2,1,65,3,1
,3,137,2,2,1065,30,394
,3,138,3,1,2081,87,48
,3,139,2,2,2311,33,7
,3,140,2,2,7443,160,43
,3,141,2,2,780,2,62
,3,142,2,2,2242,82,220
,3,143,3,1,2335,17,119
,3,144,2,1,75,0,0
,3,145,1,2,8,0,0
,3,146,1,2,13,0,1
,3,147,1,1,1,0,1
,3,148,1,1,0,0,0
,3,149,1,2,235,26,13
,3,150,1,1,0,0,0
,3,151,2,2,1563,10,165
,3,152,2,1,175,0,40
,3,153,2,2,900,16,0
,3,154,1,1,10,0,0
,3,155,2,1,1,0,0
,3,156,2,2,824,3,168
,3,157,2,2,363,0,3
,3,158,2,2,802,15,10
,3,159,1,1,0,0,0
,3,160,2,1,5,0,1
,3,161,3,1,1353,5,31
,3,162,2,1,0,0,0
,3,163,3,2,95878,8464,19257
,3,164,2,2,142,2,16
,3,165,3,1,7,2,1
,3,166,1,1,9,0,0
,3,167,2,2,4820,385,0
,3,168,2,2,16587,433,1823
,3,169,2,1,10,2,0
,3,170,2,2,283,4,30
,3,171,2,1,0,0,0
,3,172,3,1,19,1,1
,3,173,3,2,1609,10,314
,3,174,1,1,1,0,0
,3,175,2,1,34,1,10
,3,176,1,1,87,3,1
,3,177,2,2,394,10,3
,3,178,3,2,13531,214,243
,3,179,3,2,192276,5333,7017
,3,180,3,1,44,0,0
,3,181,3,1,645,17,10
,3,182,2,2,643,6,56
,3,183,3,2,38754,2457,171
,3,184,2,2,338,1,41
,3,185,2,1,172,2,7
,3,186,1,1,0,0,0
,3,187,2,1,135,3,39
,3,188,3,2,196,0,42
,3,189,4,3,119,1,18
,3,190,2,1,0,0,0
,3,191,2,1,35,0,0
,3,192,2,1,8,1,0
,4,1,2,1,1952,60,255
,4,2,2,2,530,16,418
,4,3,3,2,3290,406,1733
,4,4,1,2,369,30,458
,4,5,2,1,20,0,6
,4,6,1,2,17,3,11
,4,7,3,2,3374,191,1016
,4,8,2,2,1534,29,899
,4,9,2,2,2207,75,5384
,4,10,2,2,5272,456,11812
,4,11,2,1,1506,19,1299
,4,12,1,1,67,11,24
,4,13,1,2,2473,4,1205
,4,14,3,1,7616,163,135
,4,15,1,2,47,7,39
,4,16,2,1,13875,88,2339
,4,17,2,2,35744,6889,9880
,4,18,1,1,15,2,9
,4,19,2,1,55,1,32
,4,20,1,1,3,0,5
,4,21,2,1,1060,56,132
,4,22,2,2,1337,56,710
,4,23,2,1,19,0,5
,4,24,3,2,81470,5805,35808
,4,25,1,2,9,0,79
,4,26,2,2,1107,58,249
,4,27,2,1,384,29,474
,4,28,4,3,136,5,27
,4,29,2,1,9,1,4
,4,30,4,3,115,0,4
,4,31,2,1,13,0,96
,4,32,2,1,1639,55,929
,4,33,2,2,45930,4027,19832
,4,34,2,1,47,0,10
,4,35,2,1,66,5,33
,4,36,2,2,14858,215,8424
,4,37,3,2,1677,1328,2317
,4,38,3,2,5601,277,1408
,4,39,1,1,1,0,0
,4,40,2,1,201,9,19
,4,41,3,1,474,23,71
,4,42,2,2,372,4,334
,4,43,2,1,1096,13,567
,4,44,2,2,1209,63,1281
,4,45,2,2,1315,55,673
,4,46,1,2,588,7,273
,4,47,2,2,4374,205,3269
,4,48,2,2,6317,362,6664
,4,49,4,3,0,3,42
,4,50,1,1,1059,2,642
,4,51,1,1,4,0,13
,4,52,2,1,5863,250,1296
,4,53,2,2,22694,825,1504
,4,54,3,1,4827,346,1224
,4,55,2,1,363,9,119
,4,56,1,1,303,1,8
,4,57,2,1,24,0,26
,4,58,1,2,944,48,223
,4,59,1,1,91,1,12
,4,60,3,1,105,3,57
,4,61,1,1,13,0,12
,4,62,2,2,3577,194,2990
,4,63,3,2,836,20823,39963
,4,64,2,1,260,2,67
,4,65,2,1,7,0,8
,4,66,2,1,429,6,163
,4,67,3,2,91201,5848,107400
,4,68,2,1,1913,12,181
,4,69,2,2,1277,91,1322
,4,70,1,1,11,0,13
,4,71,2,1,561,15,54
,4,72,2,1,1473,7,329
,4,73,1,1,197,1,19
,4,74,1,1,70,7,22
,4,75,2,1,61,6,7
,4,76,4,3,5,0,2
,4,77,2,2,630,64,76
,4,78,2,2,2283,296,544
,4,79,1,2,662,8,1472
,4,80,3,1,33466,1119,8945
,4,81,3,1,8590,656,1441
,4,82,3,2,50035,3130,60447
,4,83,3,1,1391,43,1205
,4,84,2,2,17377,1161,13381
,4,85,2,2,10179,204,8714
,4,86,3,2,99671,15539,60216
,4,87,2,1,386,7,27
,4,88,3,2,12029,414,2036
,4,89,2,1,179,3,332
,4,90,2,1,3059,23,842
,4,91,3,1,337,16,143
,4,92,3,2,988,86,3664
,4,93,4,3,693,21,248
,4,94,2,2,3735,26,1466
,4,95,2,1,639,8,459
,4,96,2,1,10,0,8
,4,97,1,2,460,15,347
,4,98,2,2,255,12,113
,4,99,2,1,0,0,0
,4,100,2,1,138,16,45
,4,101,2,1,51,3,17
,4,102,1,2,14,1,36
,4,103,2,2,907,28,577
,4,104,1,2,1606,67,3133
,4,105,4,3,7,2,0
,4,106,2,1,71,0,92
,4,107,2,1,37,3,7
,4,108,2,2,3236,59,3634
,4,109,1,2,450,1,4
,4,110,2,1,462,24,135
,4,111,1,2,296,4,349
,4,112,1,1,0,0,0
,4,113,2,1,2,0,4
,4,114,1,1,189,5,310
,4,115,3,2,18009,1830,11388
,4,116,4,3,0,0,0
,4,117,2,1,3544,112,1164
,4,118,1,2,43,3,62
,4,119,2,1,26,0,8
,4,120,1,2,213,5,214
,4,121,2,2,3806,134,960
,4,122,2,1,68,0,12
,4,123,2,1,5,0,6
,4,124,2,1,52,0,15
,4,125,2,2,26845,3771,122
,4,126,2,2,832,18,1178
,4,127,2,1,9,2,7
,4,128,2,1,692,29,452
,4,129,3,1,1797,56,311
,4,130,2,2,1136,68,726
,4,131,2,2,3097,171,19
,4,132,2,2,2156,10,461
,4,133,3,1,15996,390,4621
,4,134,2,2,5351,158,567
,4,135,2,1,7,0,0
,4,136,2,1,201,7,112
,4,137,2,2,35911,1021,10011
,4,138,3,1,6404,480,994
,4,139,2,2,10566,611,3229
,4,140,2,2,17602,829,1476
,4,141,2,2,12628,8,1310
,4,142,2,2,9995,635,3797
,4,143,3,1,104161,1056,11498
,4,144,2,1,168,0,104
,4,145,1,2,7,0,6
,4,146,1,2,4,0,14
,4,147,1,1,15,0,7
,4,148,1,1,0,0,0
,4,149,1,2,333,15,65
,4,150,1,1,14,0,4
,4,151,2,2,21190,152,2998
,4,152,2,1,758,9,294
,4,153,2,2,8109,163,1343
,4,154,1,1,1,0,6
,4,155,2,1,123,7,21
,4,156,2,2,15243,12,1004
,4,157,2,2,1033,23,521
,4,158,2,2,627,76,223
,4,159,1,1,0,0,0
,4,160,2,1,596,28,30
,4,161,3,1,4294,98,2042
,4,162,2,1,35,0,0
,4,163,3,2,117512,16079,92791
,4,164,2,2,520,5,137
,4,165,3,1,368,29,38
,4,166,1,1,1,1,8
,4,167,2,2,16767,2201,0
,4,168,2,2,12981,1304,21577
,4,169,2,1,33,1,21
,4,170,2,2,107,1,283
,4,171,2,1,15,0,0
,4,172,3,1,461,15,166
,4,173,3,2,1303,44,2345
,4,174,1,1,23,0,16
,4,175,2,1,82,8,55
,4,176,1,1,29,5,71
,4,177,2,2,600,31,302
,4,178,3,2,106673,2960,48643
,4,179,3,2,888718,61016,146923
,4,180,3,1,39,0,52
,4,181,3,1,9761,244,1228
,4,182,2,2,11817,99,2368
,4,183,3,2,139956,24297,680
,4,184,2,2,305,16,376
,4,185,2,1,1867,7,1126
,4,186,1,1,0,0,0
,4,187,2,1,198,13,103
,4,188,3,2,58,0,161
,4,189,4,3,225,1,58
,4,190,2,1,6,2,1
,4,191,2,1,71,3,55
,4,192,2,1,32,3,5
,5,1,2,1,13081,194,1068
,5,2,2,2,364,2,402
,5,3,3,2,5388,203,3969
,5,4,1,2,19,9,226
,5,5,2,1,59,2,11
,5,6,1,2,2,0,8
,5,7,3,2,12423,321,4080
,5,8,2,2,7216,99,2457
,5,9,2,2,436,10,876
,5,10,2,2,1279,84,2686
,5,11,2,1,3690,39,2103
,5,12,1,1,21,0,23
,5,13,1,2,8358,11,5173
,5,14,3,1,39486,482,9621
,5,15,1,2,11,0,37
,5,16,2,1,28529,146,16128
,5,17,2,2,9862,1873,4311
,5,18,1,1,0,0,7
,5,19,2,1,168,2,110
,5,20,1,1,36,0,1
,5,21,2,1,8815,251,836
,5,22,2,2,753,84,1135
,5,23,2,1,12,0,15
,5,24,3,2,427662,23308,170620
,5,25,1,2,3,1,14
,5,26,2,2,1007,74,808
,5,27,2,1,202,10,214
,5,28,4,3,73,0,111
,5,29,2,1,52,0,29
,5,30,4,3,314,3,189
,5,31,2,1,3,0,4
,5,32,2,1,4072,130,2634
,5,33,2,2,38022,3727,27789
,5,34,2,1,961,2,13
,5,35,2,1,705,60,458
,5,36,2,2,105848,827,34147
,5,37,3,2,190,1,866
,5,38,3,2,22876,646,5593
,5,39,1,1,105,2,26
,5,40,2,1,391,11,160
,5,41,3,1,2498,41,375
,5,42,2,2,337,4,331
,5,43,2,1,1558,19,861
,5,44,2,2,170,34,724
,5,45,2,2,544,22,1128
,5,46,1,2,94,2,494
,5,47,2,2,1586,84,3244
,5,48,2,2,2513,122,3819
,5,49,4,3,0,0,6
,5,50,1,1,2265,22,862
,5,51,1,1,0,0,3
,5,52,2,1,10313,201,9258
,5,53,2,2,14164,2458,18034
,5,54,3,1,19448,567,4656
,5,55,2,1,2122,36,921
,5,56,1,1,991,11,191
,5,57,2,1,0,0,13
,5,58,1,2,180,16,1375
,5,59,1,1,185,1,177
,5,60,3,1,1041,8,150
,5,61,1,1,0,0,3
,5,62,2,2,1864,109,2500
,5,63,3,2,1623,4456,18997
,5,64,2,1,2379,14,655
,5,65,2,1,14,0,12
,5,66,2,1,244,6,421
,5,67,3,2,20401,1917,41852
,5,68,2,1,5996,19,2735
,5,69,2,2,326,35,0
,5,70,1,1,3,0,5
,5,71,2,1,4488,92,669
,5,72,2,1,2211,16,1701
,5,73,1,1,1051,7,23
,5,74,1,1,71,3,48
,5,75,2,1,1508,29,16
,5,76,4,3,1,0,0
,5,77,2,2,4431,141,458
,5,78,2,2,1101,214,1566
,5,79,1,2,9,0,124
,5,80,3,1,155746,4254,82784
,5,81,3,1,16355,821,5786
,5,82,3,2,56826,1769,43745
,5,83,3,1,4354,112,1781
,5,84,2,2,4378,420,8703
,5,85,2,2,1183,62,5751
,5,86,3,2,27534,5448,81562
,5,87,2,1,164,1,282
,5,88,3,2,2467,417,11882
,5,89,2,1,286,1,160
,5,90,2,1,7456,15,4538
,5,91,3,1,1566,47,334
,5,92,3,2,729,23,1350
,5,93,4,3,271,8,592
,5,94,2,2,23019,186,9847
,5,95,2,1,1002,8,708
,5,96,2,1,0,0,8
,5,97,1,2,208,9,397
,5,98,2,2,495,3,562
,5,99,2,1,2,0,1
,5,100,2,1,147,11,112
,5,101,2,1,95,2,34
,5,102,1,2,0,0,1
,5,103,2,2,292,22,702
,5,104,1,2,234,20,620
,5,105,4,3,0,0,0
,5,106,2,1,643,6,76
,5,107,2,1,247,1,35
,5,108,2,2,1817,13,2182
,5,109,1,2,1305,4,436
,5,110,2,1,775,51,581
,5,111,1,2,153,5,183
,5,112,1,1,0,0,0
,5,113,2,1,522,22,21
,5,114,1,1,3,0,12
,5,115,3,2,71440,8071,52349
,5,116,4,3,0,0,0
,5,117,2,1,4354,179,3399
,5,118,1,2,4,0,26
,5,119,2,1,141,0,34
,5,120,1,2,2,2,101
,5,121,2,2,3384,35,4475
,5,122,2,1,178,2,79
,5,123,2,1,8,0,6
,5,124,2,1,1515,8,204
,5,125,2,2,7133,1164,53
,5,126,2,2,25,3,229
,5,127,2,1,745,32,363
,5,128,2,1,239,32,387
,5,129,3,1,8230,229,2688
,5,130,2,2,761,56,814
,5,131,2,2,702,26,7695
,5,132,2,2,9089,38,2187
,5,133,3,1,54346,1126,21368
,5,134,2,2,6931,148,8938
,5,135,2,1,0,0,8
,5,136,2,1,720,1,364
,5,137,2,2,127500,3455,56803
,5,138,3,1,9598,389,2866
,5,139,2,2,10909,420,8035
,5,140,2,2,7455,421,17890
,5,141,2,2,43501,28,28918
,5,142,2,2,7017,549,9239
,5,143,3,1,299345,3620,160264
,5,144,2,1,127,1,152
,5,145,1,2,0,0,9
,5,146,1,2,1,0,3
,5,147,1,1,10,0,7
,5,148,1,1,0,0,0
,5,149,1,2,102,1,279
,5,150,1,1,469,12,64
,5,151,2,2,62508,341,59279
,5,152,2,1,2712,33,1467
,5,153,2,2,2403,64,5355
,5,154,1,1,0,0,5
,5,155,2,1,737,39,433
,5,156,2,2,18715,8,20455
,5,157,2,2,125,5,842
,5,158,2,2,44,17,1125
,5,159,1,1,0,0,0
,5,160,2,1,1375,50,317
,5,161,3,1,27036,580,14736
,5,162,2,1,959,10,6
,5,163,3,2,26044,2584,38326
,5,164,2,2,970,3,647
,5,165,3,1,4425,255,1384
,5,166,1,1,13,0,1
,5,167,2,2,17060,1809,0
,5,168,2,2,1276,183,5100
,5,169,2,1,79,2,25
,5,170,2,2,13,1,101
,5,171,2,1,3915,47,2004
,5,172,3,1,29,5,16
,5,173,3,2,127,3,276
,5,174,1,1,0,0,8
,5,175,2,1,326,4,146
,5,176,1,1,1,0,36
,5,177,2,2,83,7,655
,5,178,3,2,43738,1366,79087
,5,179,3,2,717694,41737,290811
,5,180,3,1,334,0,20
,5,181,3,1,13266,447,8300
,5,182,2,2,22076,159,15503
,5,183,3,2,78768,10773,331
,5,184,2,2,180,5,268
,5,185,2,1,1584,6,1704
,5,186,1,1,0,0,0
,5,187,2,1,1177,-2,160
,5,188,3,2,58,0,60
,5,189,4,3,104,1,296
,5,190,2,1,317,78,13
,5,191,2,1,951,4,724
,5,192,2,1,138,0,24
,6,1,2,1,16299,494,12803
,6,2,2,2,1398,29,587
,6,3,3,2,4513,259,4149
,6,4,1,2,91,1,105
,6,5,2,1,198,9,75
,6,6,1,2,43,0,3
,6,7,3,2,47679,768,16692
,6,8,2,2,16260,312,10662
,6,9,2,2,718,1,422
,6,10,2,2,1035,37,885
,6,11,2,1,12030,150,6287
,6,12,1,1,2,0,39
,6,13,1,2,15360,68,14658
,6,14,3,1,98330,1197,49843
,6,15,1,2,5,0,14
,6,16,2,1,19562,157,27540
,6,17,2,2,3046,280,1097
,6,18,1,1,6,0,2
,6,19,2,1,967,18,190
,6,20,1,1,34,0,42
,6,21,2,1,23237,810,8372
,6,22,2,2,1943,33,540
,6,23,2,1,192,0,8
,6,24,3,2,887192,30280,581763
,6,25,1,2,0,1,0
,6,26,2,2,2476,90,1602
,6,27,2,1,115,0,118
,6,28,4,3,75,0,84
,6,29,2,1,107,0,82
,6,30,4,3,792,11,436
,6,31,2,1,16,0,7
,6,32,2,1,6688,122,6532
,6,33,2,2,13618,874,19907
,6,34,2,1,2734,45,764
,6,35,2,1,88,9,290
,6,36,2,2,155843,4634,198502
,6,37,3,2,639,3,243
,6,38,3,2,68463,2395,32989
,6,39,1,1,197,5,174
,6,40,2,1,476,17,277
,6,41,3,1,3969,98,978
,6,42,2,2,2403,6,767
,6,43,2,1,6666,35,2838
,6,44,2,2,531,4,83
,6,45,2,2,296,3,405
,6,46,1,2,54,2,43
,6,47,2,2,2686,29,1213
,6,48,2,2,1099,31,1289
,6,49,4,3,0,0,0
,6,50,1,1,1328,30,3020
,6,51,1,1,2,0,2
,6,52,2,1,15283,245,7021
,6,53,2,2,17334,1169,8002
,6,54,3,1,43326,1994,12423
,6,55,2,1,3921,128,2730
,6,56,1,1,695,20,315
,6,57,2,1,164,0,14
,6,58,1,2,120,1,205
,6,59,1,1,527,9,219
,6,60,3,1,4674,92,2221
,6,61,1,1,0,0,3
,6,62,2,2,355,8,1100
,6,63,3,2,4532,1041,7926
,6,64,2,1,2739,25,1698
,6,65,2,1,24,1,7
,6,66,2,1,145,3,189
,6,67,3,2,12008,450,12748
,6,68,2,1,9671,76,10321
,6,69,2,2,492,17,0
,6,70,1,1,0,0,5
,6,71,2,1,13009,665,2459
,6,72,2,1,1685,10,2296
,6,73,1,1,398,16,275
,6,74,1,1,92,0,44
,6,75,2,1,4263,69,907
,6,76,4,3,0,0,10
,6,77,2,2,14356,285,1523
,6,78,2,2,279,59,545
,6,79,1,2,18,0,6
,6,80,3,1,394872,11992,256060
,6,81,3,1,29912,1263,17498
,6,82,3,2,76196,3020,69910
,6,83,3,1,42670,1738,21604
,6,84,2,2,483,84,1275
,6,85,2,2,8359,40,2060
,6,86,3,2,7581,1352,32741
,6,87,2,1,116,1,242
,6,88,3,2,1864,74,2116
,6,89,2,1,393,0,360
,6,90,2,1,11450,148,8154
,6,91,3,1,4404,84,1561
,6,92,3,2,1347,11,1191
,6,93,4,3,1729,19,665
,6,94,2,2,19152,142,25644
,6,95,2,1,3758,45,1273
,6,96,2,1,0,0,3
,6,97,1,2,52,6,229
,6,98,2,2,558,7,471
,6,99,2,1,25,0,3
,6,100,2,1,492,9,167
,6,101,2,1,668,19,157
,6,102,1,2,0,0,0
,6,103,2,2,145,7,246
,6,104,1,2,281,0,165
,6,105,4,3,0,0,0
,6,106,2,1,1443,14,826
,6,107,2,1,940,10,218
,6,108,2,2,820,6,2001
,6,109,1,2,588,4,1491
,6,110,2,1,916,39,758
,6,111,1,2,52,0,106
,6,112,1,1,0,0,0
,6,113,2,1,3833,106,1595
,6,114,1,1,6,0,4
,6,115,3,2,135425,17839,110766
,6,116,4,3,0,0,0
,6,117,2,1,8362,250,4801
,6,118,1,2,4,0,5
,6,119,2,1,41,0,132
,6,120,1,2,224,3,0
,6,121,2,2,4726,23,3461
,6,122,2,1,635,4,141
,6,123,2,1,181,0,10
,6,124,2,1,11992,21,2974
,6,125,2,2,3838,157,8
,6,126,2,2,24,0,3
,6,127,2,1,1760,48,868
,6,128,2,1,117,3,104
,6,129,3,1,15532,303,6739
,6,130,2,2,4108,169,923
,6,131,2,2,439,14,411
,6,132,2,2,28633,127,20743
,6,133,3,1,141010,2852,74719
,6,134,2,2,20087,295,6231
,6,135,2,1,3,0,0
,6,136,2,1,1235,6,612
,6,137,2,2,120737,5171,107327
,6,138,3,1,19428,309,6324
,6,139,2,2,10607,399,10010
,6,140,2,2,9641,166,8096
,6,141,2,2,39178,75,51274
,6,142,2,2,7713,385,5794
,6,143,3,1,241086,4613,240090
,6,144,2,1,655,1,191
,6,145,1,2,0,0,0
,6,146,1,2,1,0,1
,6,147,1,1,3,0,14
,6,148,1,1,0,0,0
,6,149,1,2,27,0,299
,6,150,1,1,231,1,168
,6,151,2,2,105562,1146,68324
,6,152,2,1,3148,70,2630
,6,153,2,2,3152,34,5964
,6,154,1,1,70,0,0
,6,155,2,1,601,14,520
,6,156,2,2,9023,3,16801
,6,157,2,2,146,0,98
,6,158,2,2,127,3,26
,6,159,1,1,0,0,0
,6,160,2,1,948,12,562
,6,161,3,1,118526,1974,56734
,6,162,2,1,1013,28,273
,6,163,3,2,9792,1228,0
,6,164,2,2,414,1,910
,6,165,3,1,4572,286,2591
,6,166,1,1,492,12,218
,6,167,2,2,29263,938,0
,6,168,2,2,852,43,700
,6,169,2,1,157,4,59
,6,170,2,2,5,0,14
,6,171,2,1,1970,5,2502
,6,172,3,1,0,0,0
,6,173,3,2,90,1,93
,6,174,1,1,0,0,0
,6,175,2,1,208,1,191
,6,176,1,1,13,0,5
,6,177,2,2,97,2,71
,6,178,3,2,35964,591,45138
,6,179,3,2,843368,19862,275873
,6,180,3,1,472,0,747
,6,181,3,1,21582,465,10254
,6,182,2,2,14110,51,19634
,6,183,3,2,27677,2952,180
,6,184,2,2,113,5,139
,6,185,2,1,4880,11,2845
,6,186,1,1,0,0,0
,6,187,2,1,4322,37,1347
,6,188,3,2,27,0,56
,6,189,4,3,1980,5,79
,6,190,2,1,835,232,474
,6,191,2,1,537,17,550
,6,192,2,1,413,3,133
,7,1,2,1,5158,532,11378
,7,2,2,2,2741,95,1493
,7,3,3,2,16487,298,10640
,7,4,1,2,70,0,8
,7,5,2,1,864,39,344
,7,6,1,2,22,0,45
,7,7,3,2,126772,2236,61752
,7,8,2,2,13008,295,14949
,7,9,2,2,9360,97,2943
,7,10,2,2,3364,13,2280
,7,11,2,1,14354,235,16167
,7,12,1,1,470,3,4
,7,13,1,2,14224,60,16509
,7,14,3,1,92178,1264,75512
,7,15,1,2,13,0,6
,7,16,2,1,5690,167,16390
,7,17,2,2,7324,94,562
,7,18,1,1,24,0,12
,7,19,2,1,606,15,703
,7,20,1,1,24,0,41
,7,21,2,1,43570,1854,14242
,7,22,2,2,7423,153,3557
,7,23,2,1,577,1,35
,7,24,3,2,1260444,32881,1220536
,7,25,1,2,0,0,0
,7,26,2,2,6701,153,3643
,7,27,2,1,144,0,97
,7,28,4,3,54,0,74
,7,29,2,1,217,0,189
,7,30,4,3,1224,8,1195
,7,31,2,1,98,0,34
,7,32,2,1,4663,78,5220
,7,33,2,2,12184,245,33786
,7,34,2,1,863,12,819
,7,35,2,1,70,1,32
,7,36,2,2,76274,3769,87098
,7,37,3,2,2870,20,1155
,7,38,3,2,197662,6771,114366
,7,39,1,1,75,0,130
,7,40,2,1,2113,17,373
,7,41,3,1,2031,45,5370
,7,42,2,2,14361,134,2968
,7,43,2,1,6548,34,7155
,7,44,2,2,2362,38,2112
,7,45,2,2,267,1,141
,7,46,1,2,116,0,19
,7,47,2,2,4620,33,3798
,7,48,2,2,1060,10,931
,7,49,4,3,0,0,0
,7,50,1,1,402,4,475
,7,51,1,1,0,0,0
,7,52,2,1,37081,413,18890
,7,53,2,2,28923,1175,8450
,7,54,3,1,25767,1852,21178
,7,55,2,1,10194,274,4592
,7,56,1,1,2820,51,1667
,7,57,2,1,76,0,172
,7,58,1,2,75,0,101
,7,59,1,1,1836,30,806
,7,60,3,1,11684,171,4520
,7,61,1,1,9,1,0
,7,62,2,2,218,1,350
,7,63,3,2,4414,422,5365
,7,64,2,1,1958,7,2523
,7,65,2,1,449,7,41
,7,66,2,1,240,2,146
,7,67,3,2,14981,157,13892
,7,68,2,1,17760,70,18828
,7,69,2,2,1068,14,0
,7,70,1,1,1,0,0
,7,71,2,1,31693,1151,33622
,7,72,2,1,1917,13,2132
,7,73,1,1,327,2,486
,7,74,1,1,168,8,71
,7,75,2,1,1531,55,3675
,7,76,4,3,0,0,0
,7,77,2,2,22456,840,3494
,7,78,2,2,350,11,661
,7,79,1,2,61,0,25
,7,80,3,1,1110507,19111,746462
,7,81,3,1,51991,2255,41101
,7,82,3,2,76542,5949,74761
,7,83,3,1,75500,2798,62674
,7,84,2,2,592,27,0
,7,85,2,2,46296,237,30490
,7,86,3,2,6959,374,9726
,7,87,2,1,176,0,173
,7,88,3,2,17619,36,8316
,7,89,2,1,61,2,202
,7,90,2,1,68059,605,47267
,7,91,3,1,14270,193,6126
,7,92,3,2,1486,19,1620
,7,93,4,3,5531,178,3072
,7,94,2,2,20762,93,20902
,7,95,2,1,30299,1317,22594
,7,96,2,1,1,0,0
,7,97,1,2,113,2,78
,7,98,2,2,2777,27,578
,7,99,2,1,577,13,140
,7,100,2,1,406,39,346
,7,101,2,1,2797,50,409
,7,102,1,2,6,0,4
,7,103,2,2,257,2,130
,7,104,1,2,2396,4,1194
,7,105,4,3,0,0,0
,7,106,2,1,8654,86,6813
,7,107,2,1,2854,100,1615
,7,108,2,2,337,4,290
,7,109,1,2,1432,7,663
,7,110,2,1,354,8,463
,7,111,1,2,154,0,25
,7,112,1,1,0,0,0
,7,113,2,1,1947,28,3340
,7,114,1,1,3,0,6
,7,115,3,2,198548,18919,152577
,7,116,4,3,0,0,0
,7,117,2,1,8120,233,7887
,7,118,1,2,17,0,10
,7,119,2,1,71,0,54
,7,120,1,2,2525,36,690
,7,121,2,2,11789,125,8738
,7,122,2,1,975,5,409
,7,123,2,1,1924,10,142
,7,124,2,1,6207,27,11205
,7,125,2,2,4107,34,14
,7,126,2,2,34,0,34
,7,127,2,1,1153,33,1254
,7,128,2,1,59,2,85
,7,129,3,1,17457,289,9819
,7,130,2,2,4420,184,4079
,7,131,2,2,361,5,614
,7,132,2,2,39089,245,37996
,7,133,3,1,64835,1556,146375
,7,134,2,2,31706,790,23421
,7,135,2,1,61,2,3
,7,136,2,1,3117,32,2459
,7,137,2,2,122279,9344,109380
,7,138,3,1,55840,757,54945
,7,139,2,2,11295,253,12706
,7,140,2,2,8931,159,8978
,7,141,2,2,14607,61,25813
,7,142,2,2,23916,692,7957
,7,143,3,1,191532,4633,225244
,7,144,2,1,997,3,659
,7,145,1,2,2,0,1
,7,146,1,2,6,0,3
,7,147,1,1,25,0,15
,7,148,1,1,0,0,0
,7,149,1,2,1,0,1
,7,150,1,1,157,2,542
,7,151,2,2,85082,1217,104892
,7,152,2,1,3439,93,2345
,7,153,2,2,10988,296,-12662
,7,154,1,1,33,0,28
,7,155,2,1,361,7,388
,7,156,2,2,8298,1,7991
,7,157,2,2,625,1,231
,7,158,2,2,556,8,413
,7,159,1,1,0,0,0
,7,160,2,1,288,3,652
,7,161,3,1,341974,5348,252628
,7,162,2,1,315,8,896
,7,163,3,2,39251,90,0
,7,164,2,2,768,0,680
,7,165,3,1,2207,174,2105
,7,166,1,1,1135,13,853
,7,167,2,2,9152,410,0
,7,168,2,2,3518,18,1900
,7,169,2,1,478,34,132
,7,170,2,2,20,0,3
,7,171,2,1,1509,8,1687
,7,172,3,1,0,0,0
,7,173,3,2,139,0,69
,7,174,1,1,0,0,0
,7,175,2,1,291,5,239
,7,176,1,1,39,0,19
,7,177,2,2,361,0,164
,7,178,3,2,30967,560,41424
,7,179,3,2,1924850,26602,717529
,7,180,3,1,265,3,209
,7,181,3,1,26150,544,20153
,7,182,2,2,11839,36,16343
,7,183,3,2,19577,795,69
,7,184,2,2,328,8,170
,7,185,2,1,15506,115,8782
,7,186,1,1,0,0,0
,7,187,2,1,12742,113,8772
,7,188,3,2,203,3,38
,7,189,4,3,9409,74,4626
,7,190,2,1,570,181,374
,7,191,2,1,4369,127,2474
,7,192,2,1,2578,60,842
,8,1,2,1,1494,119,3580
,8,2,2,2,4237,127,2262
,8,3,3,2,14100,300,10707
,8,4,1,2,251,1,101
,8,5,2,1,1506,56,634
,8,6,1,2,3,0,24
,8,7,3,2,226433,5117,217415
,8,8,2,2,5231,141,8725
,8,9,2,2,8539,456,8373
,8,10,2,2,6308,15,4468
,8,11,2,1,4557,86,7965
,8,12,1,1,1643,36,710
,8,13,1,2,10990,43,11207
,8,14,3,1,75335,1170,69751
,8,15,1,2,64,0,50
,8,16,2,1,4035,122,8024
,8,17,2,2,16485,54,876
,8,18,1,1,959,11,143
,8,19,2,1,340,4,702
,8,20,1,1,124,0,53
,8,21,2,1,39809,2050,36826
,8,22,2,2,8088,270,7136
,8,23,2,1,829,4,161
,8,24,3,2,1245787,28906,1259737
,8,25,1,2,3,0,1
,8,26,2,2,4576,246,5164
,8,27,2,1,262,2,123
,8,28,4,3,529,0,58
,8,29,2,1,58,0,53
,8,30,4,3,1433,17,1092
,8,31,2,1,35,0,102
,8,32,2,1,1887,20,2331
,8,33,2,2,12637,168,13114
,8,34,2,1,103,3,184
,8,35,2,1,77,2,67
,8,36,2,2,56059,1832,55552
,8,37,3,2,2259,62,3807
,8,38,3,2,319586,9557,305073
,8,39,1,1,45,0,69
,8,40,2,1,779,24,913
,8,41,3,1,1027,43,2337
,8,42,2,2,23467,286,11652
,8,43,2,1,2020,15,5271
,8,44,2,2,5130,41,3167
,8,45,2,2,1424,7,1023
,8,46,1,2,374,1,287
,8,47,2,2,8044,42,6238
,8,48,2,2,3382,9,2813
,8,49,4,3,0,0,0
,8,50,1,1,303,2,324
,8,51,1,1,2,0,0
,8,52,2,1,25066,550,31612
,8,53,2,2,28412,854,65625
,8,54,3,1,4861,616,33291
,8,55,2,1,9097,269,5930
,8,56,1,1,120,0,1702
,8,57,2,1,40,0,59
,8,58,1,2,311,-5,158
,8,59,1,1,1929,50,2315
,8,60,3,1,34601,535,12044
,8,61,1,1,1,1,5
,8,62,2,2,654,7,250
,8,63,3,2,4707,378,5026
,8,64,2,1,1181,4,2321
,8,65,2,1,2465,87,964
,8,66,2,1,319,2,300
,8,67,3,2,34403,156,24803
,8,68,2,1,8797,94,10867
,8,69,2,2,5840,60,2430
,8,70,1,1,0,0,1
,8,71,2,1,24285,836,25252
,8,72,2,1,2101,13,1989
,8,73,1,1,224,8,324
,8,74,1,1,893,19,533
,8,75,2,1,831,42,1222
,8,76,4,3,0,0,0
,8,77,2,2,19000,536,4842
,8,78,2,2,1634,19,408
,8,79,1,2,222,0,172
,8,80,3,1,1995178,28777,1745508
,8,81,3,1,66420,2286,60052
,8,82,3,2,71008,4805,59714
,8,83,3,1,110325,2301,89168
,8,84,2,2,2746,14,0
,8,85,2,2,45172,389,47144
,8,86,3,2,21677,342,7679
,8,87,2,1,1581,11,164
,8,88,3,2,32162,290,31564
,8,89,2,1,841,4,424
,8,90,2,1,40306,988,40728
,8,91,3,1,13565,236,11728
,8,92,3,2,5846,23,1965
,8,93,4,3,5124,298,5017
,8,94,2,2,18152,84,19292
,8,95,2,1,8093,-320,13422
,8,96,2,1,2,0,2
,8,97,1,2,165,2,111
,8,98,2,2,12753,106,3050
,8,99,2,1,481,18,384
,8,100,2,1,118,7,202
,8,101,2,1,10345,163,841
,8,102,1,2,19,0,12
,8,103,2,2,831,6,309
,8,104,1,2,-70,10,792
,8,105,4,3,0,0,0
,8,106,2,1,3995,86,6025
,8,107,2,1,1488,61,1285
,8,108,2,2,364,2,410
,8,109,1,2,4011,12,2548
,8,110,2,1,241,2,232
,8,111,1,2,1059,3,735
,8,112,1,1,0,0,0
,8,113,2,1,738,2,1502
,8,114,1,1,12,0,3
,8,115,3,2,174923,17726,169107
,8,116,4,3,0,0,0
,8,117,2,1,12187,217,8603
,8,118,1,2,34,0,11
,8,119,2,1,13,0,65
,8,120,1,2,1762,52,3016
,8,121,2,2,38268,788,29937
,8,122,2,1,2052,12,1529
,8,123,2,1,5421,65,3161
,8,124,2,1,19689,172,7011
,8,125,2,2,18642,86,810
,8,126,2,2,190,0,80
,8,127,2,1,822,21,421
,8,128,2,1,42,0,60
,8,129,3,1,10857,134,22073
,8,130,2,2,3587,117,4603
,8,131,2,2,1542,9,596
,8,132,2,2,6563,264,19389
,8,133,3,1,17544,343,33505
,8,134,2,2,27726,581,27007
,8,135,2,1,387,3,221
,8,136,2,1,12324,277,5873
,8,137,2,2,239674,9767,171542
,8,138,3,1,127465,1535,92384
,8,139,2,2,21684,323,12651
,8,140,2,2,6940,87,5478
,8,141,2,2,8083,23,8290
,8,142,2,2,36654,1278,10862
,8,143,3,1,153941,3189,170122
,8,144,2,1,2041,11,907
,8,145,1,2,0,0,1
,8,146,1,2,1,0,3
,8,147,1,1,6,0,13
,8,148,1,1,0,0,0
,8,149,1,2,16,0,3
,8,150,1,1,25,0,73
,8,151,2,2,39867,1031,55138
,8,152,2,1,3379,79,2663
,8,153,2,2,5854,140,0
,8,154,1,1,22,0,88
,8,155,2,1,199,3,232
,8,156,2,2,4607,0,9167
,8,157,2,2,1625,4,682
,8,158,2,2,727,14,499
,8,159,1,1,0,0,0
,8,160,2,1,98,5,919
,8,161,3,1,133858,6144,214752
,8,162,2,1,205,1,115
,8,163,3,2,174336,649,0
,8,164,2,2,234,1,477
,8,165,3,1,1610,77,493
,8,166,1,1,2384,45,2060
,8,167,2,2,7303,78,0
,8,168,2,2,6945,25,5000
,8,169,2,1,2008,69,392
,8,170,2,2,21,0,22
,8,171,2,1,1174,8,1183
,8,172,3,1,0,0,0
,8,173,3,2,102,0,127
,8,174,1,1,3,0,1
,8,175,2,1,459,9,364
,8,176,1,1,1590,14,544
,8,177,2,2,2268,27,378
,8,178,3,2,39260,679,30391
,8,179,3,2,1458662,29720,746665
,8,180,3,1,1818,29,260
,8,181,3,1,52728,888,19217
,8,182,2,2,9725,33,7022
,8,183,3,2,33290,315,243
,8,184,2,2,331,9,415
,8,185,2,1,17884,179,24811
,8,186,1,1,0,0,0
,8,187,2,1,28154,222,27691
,8,188,3,2,486,31,334
,8,189,4,3,10892,70,9979
,8,190,2,1,230,73,269
,8,191,2,1,6134,137,7666
,8,192,2,1,3328,135,4217
,9,1,2,1,1109,57,3700
,9,2,2,2,4136,103,2633
,9,3,3,2,7036,226,4930
,9,4,1,2,874,0,524
,9,5,2,1,2318,75,870
,9,6,1,2,7,0,1
,9,7,3,2,333266,8277,293450
,9,8,2,2,6578,80,6279
,9,9,2,2,1277,231,3299
,9,10,2,2,17375,66,12418
,9,11,2,1,3794,57,4107
,9,12,1,1,1906,46,1405
,9,13,1,2,18892,61,15791
,9,14,3,1,50483,970,70600
,9,15,1,2,16,0,33
,9,16,2,1,6788,152,4057
,9,17,2,2,33216,121,1032
,9,18,1,1,985,14,1073
,9,19,2,1,212,1,235
,9,20,1,1,57,0,80
,9,21,2,1,18713,2938,35121
,9,22,2,2,7505,247,7521
,9,23,2,1,1539,10,486
,9,24,3,2,902663,22571,1006183
,9,25,1,2,2,0,3
,9,26,2,2,4567,196,3151
,9,27,2,1,688,3,277
,9,28,4,3,12491,304,3401
,9,29,2,1,63,0,115
,9,30,4,3,2140,20,2361
,9,31,2,1,3,0,9
,9,32,2,1,1696,7,1789
,9,33,2,2,30189,198,21161
,9,34,2,1,118,0,124
,9,35,2,1,187,8,127
,9,36,2,2,51265,1452,52710
,9,37,3,2,631,16,866
,9,38,3,2,214585,6336,284193
,9,39,1,1,56,0,65
,9,40,2,1,1110,11,2145
,9,41,3,1,562,14,1006
,9,42,2,2,34473,468,21785
,9,43,2,1,1657,3,2592
,9,44,2,2,6324,94,7623
,9,45,2,2,1565,28,1515
,9,46,1,2,267,2,230
,9,47,2,2,46145,231,15636
,9,48,2,2,11069,26,5604
,9,49,4,3,0,0,0
,9,50,1,1,29,1,21
,9,51,1,1,10,0,6
,9,52,2,1,17494,395,19547
,9,53,2,2,23280,4799,10627
,9,54,3,1,4259,509,23565
,9,55,2,1,3348,126,9521
,9,56,1,1,89,0,885
,9,57,2,1,56,0,57
,9,58,1,2,996,0,517
,9,59,1,1,905,18,1383
,9,60,3,1,23237,389,12210
,9,61,1,1,4,0,5
,9,62,2,2,1906,8,900
,9,63,3,2,10313,1332,11842
,9,64,2,1,233,1,741
,9,65,2,1,616,16,1129
,9,66,2,1,4705,20,1880
,9,67,3,2,48111,192,40066
,9,68,2,1,2328,25,2794
,9,69,2,2,8158,125,7882
,9,70,1,1,0,0,0
,9,71,2,1,17672,486,18188
,9,72,2,1,1243,7,1549
,9,73,1,1,119,5,422
,9,74,1,1,1588,41,962
,9,75,2,1,531,26,1001
,9,76,4,3,0,0,0
,9,77,2,2,15886,480,17526
,9,78,2,2,20322,150,2129
,9,79,1,2,621,0,170
,9,80,3,1,2621418,33390,2433319
,9,81,3,1,112212,3323,88988
,9,82,3,2,82007,4598,57723
,9,83,3,1,128047,2139,115595
,9,84,2,2,7344,27,0
,9,85,2,2,130505,651,83460
,9,86,3,2,45647,411,20051
,9,87,2,1,4023,86,977
,9,88,3,2,15195,277,19184
,9,89,2,1,9791,46,3118
,9,90,2,1,10034,297,28349
,9,91,3,1,4328,134,5015
,9,92,3,2,3707,91,6468
,9,93,4,3,2166,100,3959
,9,94,2,2,20073,79,19464
,9,95,2,1,2771,6,4420
,9,96,2,1,1,0,1
,9,97,1,2,428,3,144
,9,98,2,2,22326,200,12754
,9,99,2,1,510,5,345
,9,100,2,1,39,0,349
,9,101,2,1,20559,314,17902
,9,102,1,2,11,0,16
,9,103,2,2,1788,8,881
,9,104,1,2,1884,0,1190
,9,105,4,3,0,0,0
,9,106,2,1,1545,38,1469
,9,107,2,1,207,4,1103
,9,108,2,2,1884,9,913
,9,109,1,2,2487,6,3953
,9,110,2,1,342,5,284
,9,111,1,2,1175,23,1162
,9,112,1,1,0,0,0
,9,113,2,1,454,2,656
,9,114,1,1,25,0,9
,9,115,3,2,143656,13232,131785
,9,116,4,3,0,0,0
,9,117,2,1,16122,325,13125
,9,118,1,2,64,-2,65
,9,119,2,1,9,0,12
,9,120,1,2,5937,69,3171
,9,121,2,2,61063,1053,55120
,9,122,2,1,4812,38,3062
,9,123,2,1,3715,46,5687
,9,124,2,1,38357,270,35018
,9,125,2,2,52756,205,3009
,9,126,2,2,96,3,172
,9,127,2,1,676,14,0
,9,128,2,1,21,0,26
,9,129,3,1,4840,99,8720
,9,130,2,2,3636,136,3802
,9,131,2,2,3245,10,1842
,9,132,2,2,12863,250,7718
,9,133,3,1,16957,190,16815
,9,134,2,2,19613,370,22888
,9,135,2,1,75,2,284
,9,136,2,1,23096,531,15028
,9,137,2,2,164602,3608,221468
,9,138,3,1,90875,1946,95926
,9,139,2,2,24142,474,23057
,9,140,2,2,17530,149,6569
,9,141,2,2,6982,17,7032
,9,142,2,2,40032,1204,64607
,9,143,3,1,178397,3502,147449
,9,144,2,1,777,13,1141
,9,145,1,2,2,0,0
,9,146,1,2,1,0,2
,9,147,1,1,4,0,7
,9,148,1,1,0,0,0
,9,149,1,2,17,0,20
,9,150,1,1,15,0,35
,9,151,2,2,18833,871,28358
,9,152,2,1,1371,27,2998
,9,153,2,2,2145,36,0
,9,154,1,1,8,0,13
,9,155,2,1,209,2,93
,9,156,2,2,953,0,1830
,9,157,2,2,6224,15,2018
,9,158,2,2,2807,17,1508
,9,159,1,1,0,0,0
,9,160,2,1,278,1,465
,9,161,3,1,47298,2585,67189
,9,162,2,1,177,2,0
,9,163,3,2,306330,2697,0
,9,164,2,2,331,1,362
,9,165,3,1,457,13,152
,9,166,1,1,843,33,1555
,9,167,2,2,8484,72,0
,9,168,2,2,11105,68,6600
,9,169,2,1,1435,88,474
,9,170,2,2,26,0,21
,9,171,2,1,1186,8,1196
,9,172,3,1,0,0,0
,9,173,3,2,157,1,127
,9,174,1,1,1,0,3
,9,175,2,1,384,20,343
,9,176,1,1,2772,54,1884
,9,177,2,2,14610,188,3459
,9,178,3,2,48530,1825,34823
,9,179,3,2,1206239,23448,655863
,9,180,3,1,5157,43,2972
,9,181,3,1,90314,1616,36667
,9,182,2,2,23959,35,22793
,9,183,3,2,117765,644,693
,9,184,2,2,451,4,382
,9,185,2,1,14824,150,14091
,9,186,1,1,0,0,0
,9,187,2,1,28394,242,27113
,9,188,3,2,50,1,303
,9,189,4,3,17170,159,16687
,9,190,2,1,76,21,155
,9,191,2,1,2662,44,2490
,9,192,2,1,1341,26,1082
,10,1,2,1,2157,78,1532
,10,2,2,2,7226,122,3342
,10,3,3,2,6412,228,4027
,10,4,1,2,2706,22,2043
,10,5,2,1,5833,101,2582
,10,6,1,2,27,0,25
,10,7,3,2,415923,14065,379294
,10,8,2,2,39454,382,11316
,10,9,2,2,499,19,533
,10,10,2,2,60112,310,31582
,10,11,2,1,15040,139,5589
,10,12,1,1,2591,48,2216
,10,13,1,2,10781,70,13881
,10,14,3,1,44205,672,48658
,10,15,1,2,47,0,42
,10,16,2,1,19851,147,12138
,10,17,2,2,310777,1609,6115
,10,18,1,1,1495,32,914
,10,19,2,1,286,0,445
,10,20,1,1,67,0,102
,10,21,2,1,6446,760,15974
,10,22,2,2,22621,378,7467
,10,23,2,1,3470,8,3966
,10,24,3,2,724670,15932,730387
,10,25,1,2,2,0,1
,10,26,2,2,32011,454,5411
,10,27,2,1,444,9,915
,10,28,4,3,39333,927,29019
,10,29,2,1,77,0,39
,10,30,4,3,2769,35,2704
,10,31,2,1,14,0,8
,10,32,2,1,955,8,677
,10,33,2,2,76206,885,61771
,10,34,2,1,37,0,10
,10,35,2,1,283,13,307
,10,36,2,2,47265,1466,50053
,10,37,3,2,821,0,675
,10,38,3,2,244505,5316,225577
,10,39,1,1,66,0,34
,10,40,2,1,201,3,0
,10,41,3,1,647,35,446
,10,42,2,2,34211,481,28878
,10,43,2,1,992,6,1074
,10,44,2,2,32723,266,17761
,10,45,2,2,1290,6,1352
,10,46,1,2,2611,4,513
,10,47,2,2,264339,2596,109916
,10,48,2,2,18384,71,13823
,10,49,4,3,0,0,8
,10,50,1,1,145,0,97
,10,51,1,1,20,0,9
,10,52,2,1,14809,140,17233
,10,53,2,2,31145,1315,29463
,10,54,3,1,4357,336,2958
,10,55,2,1,4368,132,5373
,10,56,1,1,58,0,196
,10,57,2,1,88,0,71
,10,58,1,2,1534,9,1206
,10,59,1,1,435,8,734
,10,60,3,1,20801,271,21313
,10,61,1,1,2,0,3
,10,62,2,2,6121,14,3200
,10,63,3,2,12549,4849,24463
,10,64,2,1,202,1,693
,10,65,2,1,93,7,1035
,10,66,2,1,32744,268,19571
,10,67,3,2,238877,988,99549
,10,68,2,1,1429,19,1412
,10,69,2,2,20776,235,11388
,10,70,1,1,4,0,0
,10,71,2,1,16193,483,17033
,10,72,2,1,1420,6,554
,10,73,1,1,89,2,269
,10,74,1,1,1268,44,1548
,10,75,2,1,314,5,600
,10,76,4,3,15,0,3
,10,77,2,2,19988,316,12207
,10,78,2,2,48860,985,13142
,10,79,1,2,2137,2,1706
,10,80,3,1,1871498,23433,2218312
,10,81,3,1,123080,3129,122854
,10,82,3,2,155553,8695,100974
,10,83,3,1,109649,1729,107458
,10,84,2,2,25301,109,0
,10,85,2,2,66938,957,122040
,10,86,3,2,364569,2724,61722
,10,87,2,1,2612,99,2643
,10,88,3,2,17736,194,14243
,10,89,2,1,60782,768,2974
,10,90,2,1,8992,148,5208
,10,91,3,1,16663,270,10968
,10,92,3,2,2746,51,2691
,10,93,4,3,3708,53,1875
,10,94,2,2,20744,169,20174
,10,95,2,1,12209,80,7104
,10,96,2,1,1,0,0
,10,97,1,2,4070,34,99
,10,98,2,2,41594,270,24059
,10,99,2,1,358,8,102
,10,100,2,1,83,0,58
,10,101,2,1,26570,306,15669
,10,102,1,2,415,2,234
,10,103,2,2,10127,75,2640
,10,104,1,2,8625,28,2907
,10,105,4,3,0,0,0
,10,106,2,1,703,14,1108
,10,107,2,1,157,5,1060
,10,108,2,2,20324,113,11281
,10,109,1,2,1368,4,1706
,10,110,2,1,436,5,300
,10,111,1,2,2984,27,1593
,10,112,1,1,2,0,0
,10,113,2,1,201,2,313
,10,114,1,1,60,0,54
,10,115,3,2,181746,14107,151364
,10,116,4,3,0,0,0
,10,117,2,1,22998,465,16785
,10,118,1,2,141,0,92
,10,119,2,1,33,0,6
,10,120,1,2,7569,132,6892
,10,121,2,2,95431,1501,78560
,10,122,2,1,4141,31,5205
,10,123,2,1,1670,12,2022
,10,124,2,1,92926,439,74794
,10,125,2,2,231652,1002,1863
,10,126,2,2,111,0,87
,10,127,2,1,344,5,1312
,10,128,2,1,23,0,23
,10,129,3,1,4005,32,8317
,10,130,2,2,13595,255,5772
,10,131,2,2,6304,8,673
,10,132,2,2,15849,273,14532
,10,133,3,1,21164,339,17058
,10,134,2,2,21003,328,21491
,10,135,2,1,55,0,59
,10,136,2,1,22427,547,18451
,10,137,2,2,88412,2015,145391
,10,138,3,1,69035,1717,77558
,10,139,2,2,271217,3118,70585
,10,140,2,2,65737,536,31750
,10,141,2,2,6796,18,6884
,10,142,2,2,113767,2143,70037
,10,143,3,1,435468,7157,253652
,10,144,2,1,297,6,1725
,10,145,1,2,0,0,2
,10,146,1,2,51,0,1
,10,147,1,1,10,0,6
,10,148,1,1,0,0,0
,10,149,1,2,196,0,41
,10,150,1,1,34,1,18
,10,151,2,2,12677,634,14688
,10,152,2,1,634,13,2416
,10,153,2,2,13403,71,0
,10,154,1,1,9,0,9
,10,155,2,1,135,2,113
,10,156,2,2,250,1,425
,10,157,2,2,47523,171,8222
,10,158,2,2,28617,188,8287
,10,159,1,1,8,0,4
,10,160,2,1,353,5,239
,10,161,3,1,51113,2542,46070
,10,162,2,1,201,9,0
,10,163,3,2,416490,4087,0
,10,164,2,2,7283,7,1169
,10,165,3,1,158,1,0
,10,166,1,1,326,7,365
,10,167,2,2,31492,45,0
,10,168,2,2,100969,223,22500
,10,169,2,1,1528,88,873
,10,170,2,2,41,0,32
,10,171,2,1,1248,6,1661
,10,172,3,1,0,0,0
,10,173,3,2,215,0,213
,10,174,1,1,2,0,1
,10,175,2,1,547,9,312
,10,176,1,1,1161,32,2050
,10,177,2,2,41400,1052,0
,10,178,3,2,56704,2057,44222
,10,179,3,2,1926939,24598,771790
,10,180,3,1,4366,36,3243
,10,181,3,1,184884,3178,70073
,10,182,2,2,38439,76,45178
,10,183,3,2,558947,4412,466
,10,184,2,2,1078,10,769
,10,185,2,1,10215,96,10869
,10,186,1,1,0,0,0
,10,187,2,1,16891,170,21548
,10,188,3,2,86,0,52
,10,189,4,3,13621,172,14566
,10,190,2,1,29,12,80
,10,191,2,1,1673,17,1721
,10,192,2,1,529,15,1591
,11,1,2,1,4849,257,2510
,11,2,2,2,17307,301,7660
,11,3,3,2,25257,467,13608
,11,4,1,2,1989,1,2398
,11,5,2,1,4334,64,3328
,11,6,1,2,13,1,13
,11,7,3,2,257609,7728,283288
,11,8,2,2,45311,823,53125
,11,9,2,2,317,1,232
,11,10,2,2,177531,2075,154466
,11,11,2,1,65907,662,31359
,11,12,1,1,827,19,1467
,11,13,1,2,5311,20,6422
,11,14,3,1,57248,721,56566
,11,15,1,2,39,0,29
,11,16,2,1,38165,178,27678
,11,17,2,2,148116,5020,-25569
,11,18,1,1,2367,89,991
,11,19,2,1,372,2,421
,11,20,1,1,61,0,57
,11,21,2,1,2951,232,10199
,11,22,2,2,37811,1447,24686
,11,23,2,1,4100,10,3236
,11,24,3,2,800273,13236,592641
,11,25,1,2,2,0,2
,11,26,2,2,92456,2756,30520
,11,27,2,1,386,1,343
,11,28,4,3,38007,704,37382
,11,29,2,1,103,0,64
,11,30,4,3,1968,10,2348
,11,31,2,1,35,0,21
,11,32,2,1,2652,11,2060
,11,33,2,2,144244,1963,105643
,11,34,2,1,47,1,0
,11,35,2,1,205,3,211
,11,36,2,2,41487,1203,39962
,11,37,3,2,1536,4,882
,11,38,3,2,242622,5452,241259
,11,39,1,1,66,0,88
,11,40,2,1,484,2,1101
,11,41,3,1,1466,26,1000
,11,42,2,2,29667,341,20807
,11,43,2,1,615,6,599
,11,44,2,2,79126,1240,72381
,11,45,2,2,1397,7,1386
,11,46,1,2,6199,23,175
,11,47,2,2,188196,5044,308248
,11,48,2,2,34139,116,29011
,11,49,4,3,0,0,0
,11,50,1,1,118,0,143
,11,51,1,1,35,0,30
,11,52,2,1,16970,86,10357
,11,53,2,2,24493,791,28045
,11,54,3,1,8356,384,3266
,11,55,2,1,4960,139,5892
,11,56,1,1,65,2,44
,11,57,2,1,114,0,86
,11,58,1,2,7403,45,3267
,11,59,1,1,502,5,360
,11,60,3,1,13905,237,21291
,11,61,1,1,8,0,2
,11,62,2,2,8799,41,5500
,11,63,3,2,13808,15992,44818
,11,64,2,1,246,5,368
,11,65,2,1,70,4,405
,11,66,2,1,96648,960,91295
,11,67,3,2,538122,6211,392809
,11,68,2,1,3612,3,3378
,11,69,2,2,66020,1780,0
,11,70,1,1,13,0,6
,11,71,2,1,14123,442,13655
,11,72,2,1,1047,4,1495
,11,73,1,1,28,3,509
,11,74,1,1,1244,27,1164
,11,75,2,1,218,0,594
,11,76,4,3,0,0,0
,11,77,2,2,11365,249,7944
,11,78,2,2,141801,3073,44828
,11,79,1,2,527,14,1306
,11,80,3,1,1278727,15510,1398072
,11,81,3,1,128795,3076,112717
,11,82,3,2,349298,13382,186221
,11,83,3,1,79919,1348,83019
,11,84,2,2,11088,140,0
,11,85,2,2,22842,311,23812
,11,86,3,2,922124,16958,468081
,11,87,2,1,1669,51,1709
,11,88,3,2,47635,307,37524
,11,89,2,1,146823,1922,147426
,11,90,2,1,24864,207,12315
,11,91,3,1,28426,488,19468
,11,92,3,2,8017,60,3528
,11,93,4,3,20268,338,9572
,11,94,2,2,16709,101,20209
,11,95,2,1,14300,131,14728
,11,96,2,1,15,0,4
,11,97,1,2,11181,135,389
,11,98,2,2,46716,381,41410
,11,99,2,1,156,0,303
,11,100,2,1,169,1,64
,11,101,2,1,21714,326,18788
,11,102,1,2,737,13,741
,11,103,2,2,46496,468,22543
,11,104,1,2,17544,169,16005
,11,105,4,3,0,0,0
,11,106,2,1,230,7,248
,11,107,2,1,98,1,132
,11,108,2,2,34149,111,33511
,11,109,1,2,1352,8,1125
,11,110,2,1,1156,20,453
,11,111,1,2,3831,75,3510
,11,112,1,1,2,0,1
,11,113,2,1,898,14,299
,11,114,1,1,63,0,58
,11,115,3,2,188581,14187,44215
,11,116,4,3,0,0,0
,11,117,2,1,31324,519,39572
,11,118,1,2,250,1,283
,11,119,2,1,455,0,45
,11,120,1,2,16924,198,10047
,11,121,2,2,137252,2151,124016
,11,122,2,1,2832,39,3292
,11,123,2,1,1445,18,2499
,11,124,2,1,62709,571,83299
,11,125,2,2,174290,1994,1065
,11,126,2,2,100,0,105
,11,127,2,1,270,4,0
,11,128,2,1,328,3,73
,11,129,3,1,4704,29,4607
,11,130,2,2,30306,769,18215
,11,131,2,2,15819,50,6135
,11,132,2,2,9265,215,12156
,11,133,3,1,66512,1268,28731
,11,134,2,2,32208,379,33910
,11,135,2,1,67,0,22
,11,136,2,1,19239,352,15553
,11,137,2,2,62350,1512,70745
,11,138,3,1,50901,1171,67612
,11,139,2,2,628080,11519,437234
,11,140,2,2,156782,1998,132662
,11,141,2,2,6277,5,6507
,11,142,2,2,234023,4363,180675
,11,143,3,1,669669,11704,555053
,11,144,2,1,797,14,637
,11,145,1,2,3,0,0
,11,146,1,2,181,2,103
,11,147,1,1,11,0,9
,11,148,1,1,2,0,0
,11,149,1,2,684,4,578
,11,150,1,1,46,1,29
,11,151,2,2,10078,494,12960
,11,152,2,1,473,9,754
,11,153,2,2,128484,784,0
,11,154,1,1,30,0,13
,11,155,2,1,46,0,36
,11,156,2,2,203,1,221
,11,157,2,2,48265,620,53424
,11,158,2,2,41507,1097,42047
,11,159,1,1,9,0,1
,11,160,2,1,510,9,232
,11,161,3,1,64552,2259,77060
,11,162,2,1,204,3,1664
,11,163,3,2,462509,9191,0
,11,164,2,2,13324,98,13161
,11,165,3,1,4241,412,3538
,11,166,1,1,109,6,134
,11,167,2,2,118774,743,0
,11,168,2,2,172821,2518,185000
,11,169,2,1,2159,129,1584
,11,170,2,2,120,0,50
,11,171,2,1,1177,4,1366
,11,172,3,1,0,0,0
,11,173,3,2,224,1,219
,11,174,1,1,0,0,1
,11,175,2,1,643,7,818
,11,176,1,1,977,12,1161
,11,177,2,2,36956,1943,65819
,11,178,3,2,263480,3494,80756
,11,179,3,2,4496449,39395,1533841
,11,180,3,1,7964,94,1486
,11,181,3,1,353013,5332,194458
,11,182,2,2,36231,77,25997
,11,183,3,2,618941,11900,732
,11,184,2,2,2733,19,1797
,11,185,2,1,6162,44,6102
,11,186,1,1,1,0,0
,11,187,2,1,10381,99,10553
,11,188,3,2,167,0,117
,11,189,4,3,32127,249,18678
,11,190,2,1,14,6,16
,11,191,2,1,1215,8,1318
,11,192,2,1,1583,33,588
,12,1,2,1,5252,396,4896
,12,2,2,2,20134,371,14785
,12,3,3,2,16411,325,13318
,12,4,1,2,1304,8,1559
,12,5,2,1,2414,57,3193
,12,6,1,2,18,1,18
,12,7,3,2,200981,4515,169449
,12,8,2,2,24285,659,34359
,12,9,2,2,513,1,145
,12,10,2,2,78359,3038,111260
,12,11,2,1,97524,1249,109520
,12,12,1,1,330,7,341
,12,13,1,2,5719,11,5076
,12,14,3,1,48578,915,76748
,12,15,1,2,107,0,69
,12,16,2,1,57637,266,60806
,12,17,2,2,69151,2883,0
,12,18,1,1,4922,100,6644
,12,19,2,1,236,1,222
,12,20,1,1,260,0,67
,12,21,2,1,15416,208,10395
,12,22,2,2,23084,1369,24456
,12,23,2,1,4063,8,4224
,12,24,3,2,1340095,21829,1251042
,12,25,1,2,7,0,4
,12,26,2,2,56966,3541,68962
,12,27,2,1,3821,17,2507
,12,28,4,3,33917,741,36913
,12,29,2,1,130,1,112
,12,30,4,3,1079,8,1230
,12,31,2,1,52,0,58
,12,32,2,1,1832,11,2715
,12,33,2,2,202852,3523,189043
,12,34,2,1,50,0,0
,12,35,2,1,425,3,179
,12,36,2,2,57230,1198,50778
,12,37,3,2,3061,39,2906
,12,38,3,2,325969,6447,297930
,12,39,1,1,212,3,119
,12,40,2,1,1333,14,858
,12,41,3,1,4886,258,3116
,12,42,2,2,29683,459,44397
,12,43,2,1,1159,5,970
,12,44,2,2,82395,2134,92819
,12,45,2,2,3579,11,2494
,12,46,1,2,11454,70,0
,12,47,2,2,195363,3285,140974
,12,48,2,2,83114,461,63813
,12,49,4,3,0,0,40
,12,50,1,1,152,0,144
,12,51,1,1,3,0,20
,12,52,2,1,26797,83,15966
,12,53,2,2,19827,573,14703
,12,54,3,1,22151,981,9387
,12,55,2,1,7555,213,10882
,12,56,1,1,124,1,127
,12,57,2,1,743,3,145
,12,58,1,2,15682,111,11248
,12,59,1,1,2939,83,1067
,12,60,3,1,14190,217,38288
,12,61,1,1,7,0,11
,12,62,2,2,11195,162,12200
,12,63,3,2,7283,11940,32229
,12,64,2,1,357,4,322
,12,65,2,1,55,1,63
,12,66,2,1,91836,1238,97741
,12,67,3,2,690608,17097,601489
,12,68,2,1,3104,12,3047
,12,69,2,2,33579,2432,70690
,12,70,1,1,86,0,77
,12,71,2,1,15950,642,15084
,12,72,2,1,603,5,1096
,12,73,1,1,11,1,70
,12,74,1,1,926,13,1428
,12,75,2,1,727,4,601
,12,76,4,3,0,0,0
,12,77,2,2,13574,212,8621
,12,78,2,2,105392,4714,86242
,12,79,1,2,362,3,399
,12,80,3,1,803865,11117,970695
,12,81,3,1,204315,5193,160579
,12,82,3,2,263072,6977,320682
,12,83,3,1,42742,555,55167
,12,84,2,2,19235,184,0
,12,85,2,2,86071,453,52641
,12,86,3,2,505612,18583,705604
,12,87,2,1,2064,45,4164
,12,88,3,2,86849,1216,64006
,12,89,2,1,75064,1083,115525
,12,90,2,1,26633,328,28133
,12,91,3,1,12840,201,23393
,12,92,3,2,27117,391,15068
,12,93,4,3,11548,316,15988
,12,94,2,2,7949,54,9446
,12,95,2,1,7856,80,11207
,12,96,2,1,2,0,14
,12,97,1,2,23829,429,25318
,12,98,2,2,53559,450,44925
,12,99,2,1,985,7,202
,12,100,2,1,184,0,63
,12,101,2,1,17468,295,18289
,12,102,1,2,866,23,722
,12,103,2,2,80644,1176,68772
,12,104,1,2,11737,174,14892
,12,105,4,3,0,0,7
,12,106,2,1,373,10,571
,12,107,2,1,555,4,250
,12,108,2,2,47313,111,34182
,12,109,1,2,746,2,1202
,12,110,2,1,2380,113,1444
,12,111,1,2,2901,82,3456
,12,112,1,1,0,0,3
,12,113,2,1,5763,170,3648
,12,114,1,1,23,0,40
,12,115,3,2,312551,19867,251209
,12,116,4,3,0,0,0
,12,117,2,1,37454,681,35289
,12,118,1,2,266,0,152
,12,119,2,1,419,1,479
,12,120,1,2,12982,183,14449
,12,121,2,2,82857,1542,102213
,12,122,2,1,2941,35,2934
,12,123,2,1,9561,54,6541
,12,124,2,1,27141,348,37838
,12,125,2,2,276452,2072,2638
,12,126,2,2,103,0,120
,12,127,2,1,262,5,0
,12,128,2,1,1775,32,615
,12,129,3,1,20050,116,10431
,12,130,2,2,21451,740,22501
,12,131,2,2,13417,104,0
,12,132,2,2,5168,76,6674
,12,133,3,1,81696,2085,93943
,12,134,2,2,80984,943,50676
,12,135,2,1,124,2,64
,12,136,2,1,25508,506,23524
,12,137,2,2,52607,1757,58257
,12,138,3,1,42434,852,41138
,12,139,2,2,304067,11404,458624
,12,140,2,2,115617,2401,121334
,12,141,2,2,5001,8,5332
,12,142,2,2,156901,4436,207605
,12,143,3,1,851411,16780,764229
,12,144,2,1,2449,43,1026
,12,145,1,2,10,0,10
,12,146,1,2,94,3,158
,12,147,1,1,36,0,19
,12,148,1,1,0,0,2
,12,149,1,2,816,13,743
,12,150,1,1,23,0,38
,12,151,2,2,5381,327,7051
,12,152,2,1,3051,77,1647
,12,153,2,2,162485,1607,0
,12,154,1,1,73,0,52
,12,155,2,1,199,2,56
,12,156,2,2,381,0,315
,12,157,2,2,73614,1299,59930
,12,158,2,2,46338,1262,45244
,12,159,1,1,0,0,0
,12,160,2,1,263,17,195
,12,161,3,1,267157,6934,148429
,12,162,2,1,449,2,177
,12,163,3,2,280078,5768,0
,12,164,2,2,19312,86,17769
,12,165,3,1,7455,219,3222
,12,166,1,1,898,5,537
,12,167,2,2,194250,2046,0
,12,168,2,2,125224,2830,67400
,12,169,2,1,3547,294,1790
,12,170,2,2,124,0,106
,12,171,2,1,1102,4,1252
,12,172,3,1,0,0,0
,12,173,3,2,3155,3,462
,12,174,1,1,14,0,2
,12,175,2,1,659,4,915
,12,176,1,1,481,7,879
,12,177,2,2,42371,1416,34513
,12,178,3,2,1569805,7135,1695923
,12,179,3,2,6406683,81170,-5146319
,12,180,3,1,14757,46,2744
,12,181,3,1,334654,6550,376251
,12,182,2,2,38962,97,29543
,12,183,3,2,862499,15077,1909
,12,184,2,2,13262,104,9111
,12,185,2,1,3966,4,4606
,12,186,1,1,0,0,1
,12,187,2,1,11164,131,10257
,12,188,3,2,118,0,146
,12,189,4,3,52357,668,52196
,12,190,2,1,22,5,12
,12,191,2,1,3078,31,1662
,12,192,2,1,3917,87,2768
,13,1,2,1,3497,209,5952
,13,2,2,2,19811,199,13790
,13,3,3,2,7729,135,6217
,13,4,1,2,1888,17,1661
,13,5,2,1,2243,61,6991
,13,6,1,2,75,2,29
,13,7,3,2,301725,4729,294974
,13,8,2,2,7617,257,14718
,13,9,2,2,393,0,240
,13,10,2,2,53583,1499,59545
,13,11,2,1,11519,491,38893
,13,12,1,1,303,6,541
,13,13,1,2,10382,23,8382
,13,14,3,1,21629,568,22285
,13,15,1,2,1162,7,839
,13,16,2,1,54052,294,60691
,13,17,2,2,63657,1564,0
,13,18,1,1,1132,53,1514
,13,19,2,1,642,8,360
,13,20,1,1,189,1,366
,13,21,2,1,56711,1214,27125
,13,22,2,2,10512,629,17379
,13,23,2,1,6488,92,5062
,13,24,3,2,1528758,29555,1327529
,13,25,1,2,23,0,21
,13,26,2,2,16482,1469,67525
,13,27,2,1,3975,35,4153
,13,28,4,3,15515,449,18003
,13,29,2,1,814,0,86
,13,30,4,3,2230,21,1585
,13,31,2,1,88,0,81
,13,32,2,1,3340,14,3153
,13,33,2,2,199286,4279,217061
,13,34,2,1,18,0,2961
,13,35,2,1,1263,14,760
,13,36,2,2,118136,1844,104599
,13,37,3,2,4100,35,2856
,13,38,3,2,452109,10770,429903
,13,39,1,1,1903,83,1026
,13,40,2,1,780,9,0
,13,41,3,1,5113,80,330
,13,42,2,2,23955,419,20029
,13,43,2,1,5909,17,4073
,13,44,2,2,21589,1107,26458
,13,45,2,2,14823,68,10738
,13,46,1,2,8857,80,0
,13,47,2,2,266113,4728,279336
,13,48,2,2,35040,828,60152
,13,49,4,3,0,0,0
,13,50,1,1,101,2,117
,13,51,1,1,29,0,23
,13,52,2,1,43275,252,26348
,13,53,2,2,38316,825,25307
,13,54,3,1,27889,1685,17531
,13,55,2,1,9006,296,2751
,13,56,1,1,239,0,150
,13,57,2,1,815,4,951
,13,58,1,2,16218,190,15412
,13,59,1,1,6353,360,3405
,13,60,3,1,13386,170,10766
,13,61,1,1,6,0,9
,13,62,2,2,9131,110,2000
,13,63,3,2,8802,11442,30470
,13,64,2,1,1177,4,872
,13,65,2,1,293,4,128
,13,66,2,1,30691,673,37301
,13,67,3,2,465139,23372,589338
,13,68,2,1,12239,81,7642
,13,69,2,2,18107,958,0
,13,70,1,1,21,1,35
,13,71,2,1,21492,830,18567
,13,72,2,1,824,1,1067
,13,73,1,1,182,0,30
,13,74,1,1,1309,12,771
,13,75,2,1,1534,9,474
,13,76,4,3,0,0,0
,13,77,2,2,26016,480,4179
,13,78,2,2,45072,2987,112866
,13,79,1,2,248,0,352
,13,80,3,1,490936,5654,574703
,13,81,3,1,335116,7860,262124
,13,82,3,2,192857,2736,221218
,13,83,3,1,24345,234,54288
,13,84,2,2,104768,1070,0
,13,85,2,2,220173,1471,196189
,13,86,3,2,445866,14357,547437
,13,87,2,1,2826,48,1660
,13,88,3,2,154355,2461,134141
,13,89,2,1,32361,482,44030
,13,90,2,1,34648,285,29110
,13,91,3,1,4315,93,5170
,13,92,3,2,16739,508,25356
,13,93,4,3,9074,166,11450
,13,94,2,2,14673,25,11414
,13,95,2,1,3554,57,5069
,13,96,2,1,3,0,1
,13,97,1,2,25337,560,27573
,13,98,2,2,119549,1614,52918
,13,99,2,1,5570,121,1072
,13,100,2,1,160,1,354
,13,101,2,1,18354,399,26599
,13,102,1,2,357,13,542
,13,103,2,2,40588,1012,65592
,13,104,1,2,3973,82,6637
,13,105,4,3,0,0,0
,13,106,2,1,1351,20,987
,13,107,2,1,17380,513,2910
,13,108,2,2,101949,289,77108
,13,109,1,2,2084,4,998
,13,110,2,1,1001,61,1295
,13,111,1,2,5129,48,3839
,13,112,1,1,0,0,0
,13,113,2,1,2271,75,4296
,13,114,1,1,42,0,32
,13,115,3,2,438166,32729,337598
,13,116,4,3,1,0,1
,13,117,2,1,14986,453,19447
,13,118,1,2,614,10,549
,13,119,2,1,594,1,521
,13,120,1,2,13412,123,14947
,13,121,2,2,31964,887,41656
,13,122,2,1,20012,201,7292
,13,123,2,1,10003,147,12302
,13,124,2,1,10366,173,13977
,13,125,2,2,183693,2583,3325
,13,126,2,2,142,0,126
,13,127,2,1,207,4,0
,13,128,2,1,1194,55,1930
,13,129,3,1,43635,297,31276
,13,130,2,2,9364,352,20234
,13,131,2,2,13399,128,0
,13,132,2,2,5459,30,4964
,13,133,3,1,64250,1507,64023
,13,134,2,2,73589,1248,81279
,13,135,2,1,71,0,151
,13,136,2,1,25295,456,26449
,13,137,2,2,123102,3346,100732
,13,138,3,1,51554,1505,47755
,13,139,2,2,218507,8626,234329
,13,140,2,2,306838,5576,192135
,13,141,2,2,7501,3,4384
,13,142,2,2,96480,2568,113801
,13,143,3,1,681001,15758,736889
,13,144,2,1,6921,104,3545
,13,145,1,2,5,0,6
,13,146,1,2,842,8,329
,13,147,1,1,780,2,153
,13,148,1,1,0,0,0
,13,149,1,2,597,8,681
,13,150,1,1,243,0,52
,13,151,2,2,5333,152,5720
,13,152,2,1,7383,218,4716
,13,153,2,2,57340,809,0
,13,154,1,1,949,4,801
,13,155,2,1,982,3,390
,13,156,2,2,937,0,779
,13,157,2,2,70370,2504,90081
,13,158,2,2,44321,806,46340
,13,159,1,1,0,0,5
,13,160,2,1,70,0,54
,13,161,3,1,396600,15695,419949
,13,162,2,1,371,1,482
,13,163,3,2,814854,7482,0
,13,164,2,2,20858,112,21830
,13,165,3,1,3880,339,7886
,13,166,1,1,2228,32,1940
,13,167,2,2,129578,2864,0
,13,168,2,2,69024,1736,0
,13,169,2,1,2614,210,2212
,13,170,2,2,112,1,159
,13,171,2,1,12,0,367
,13,172,3,1,0,0,0
,13,173,3,2,12455,14,8241
,13,174,1,1,26,0,23
,13,175,2,1,1441,9,875
,13,176,1,1,414,7,518
,13,177,2,2,69745,2078,52082
,13,178,3,2,268811,5112,261765
,13,179,3,2,6125132,95405,0
,13,180,3,1,4363,73,2446
,13,181,3,1,174549,4579,317566
,13,182,2,2,95787,181,92516
,13,183,3,2,1331952,32745,4174
,13,184,2,2,22619,255,21215
,13,185,2,1,1651,7,2248
,13,186,1,1,0,0,0
,13,187,2,1,13369,161,11304
,13,188,3,2,352,0,132
,13,189,4,3,20958,433,31810
,13,190,2,1,22,5,32
,13,191,2,1,33492,375,29340
,13,192,2,1,19521,854,14794
,14,1,2,1,691,43,1654
,14,2,2,2,29040,416,22349
,14,3,3,2,5753,92,4754
,14,4,1,2,929,9,1353
,14,5,2,1,1011,42,1287
,14,6,1,2,496,7,124
,14,7,3,2,180126,3991,183371
,14,8,2,2,5032,112,5875
,14,9,2,2,160,0,104
,14,10,2,2,45042,840,37918
,14,11,2,1,4318,88,5453
,14,12,1,1,345,3,538
,14,13,1,2,19337,74,16490
,14,14,3,1,11077,281,17180
,14,15,1,2,1523,19,1249
,14,16,2,1,38970,258,42157
,14,17,2,2,61358,985,0
,14,18,1,1,385,14,527
,14,19,2,1,1541,18,827
,14,20,1,1,8,0,51
,14,21,2,1,32175,1270,33810
,14,22,2,2,9482,392,21243
,14,23,2,1,7078,176,6046
,14,24,3,2,1346528,30438,1205943
,14,25,1,2,6,0,11
,14,26,2,2,28290,1146,18493
,14,27,2,1,1300,22,2240
,14,28,4,3,1751,68,6408
,14,29,2,1,577,1,0
,14,30,4,3,1330,13,1670
,14,31,2,1,354,0,34
,14,32,2,1,6097,89,4549
,14,33,2,2,87999,1949,108721
,14,34,2,1,23,0,35
,14,35,2,1,597,22,1011
,14,36,2,2,97516,2120,98549
,14,37,3,2,902,18,2867
,14,38,3,2,156806,5783,209927
,14,39,1,1,845,51,1583
,14,40,2,1,933,11,1173
,14,41,3,1,3142,36,3920
,14,42,2,2,11065,196,25147
,14,43,2,1,4355,38,6617
,14,44,2,2,10547,499,9758
,14,45,2,2,23093,108,24379
,14,46,1,2,3831,32,0
,14,47,2,2,250706,4031,195640
,14,48,2,2,12727,236,14872
,14,49,4,3,0,0,0
,14,50,1,1,134,0,52
,14,51,1,1,25,0,21
,14,52,2,1,25557,434,33805
,14,53,2,2,35327,952,38084
,14,54,3,1,16473,1372,11256
,14,55,2,1,4900,231,6601
,14,56,1,1,489,5,336
,14,57,2,1,712,0,659
,14,58,1,2,21392,170,16170
,14,59,1,1,1303,87,4198
,14,60,3,1,21422,272,11996
,14,61,1,1,4,0,1
,14,62,2,2,12434,71,15000
,14,63,3,2,13647,10379,31037
,14,64,2,1,3816,15,2883
,14,65,2,1,622,22,297
,14,66,2,1,12647,332,16086
,14,67,3,2,224636,12989,319502
,14,68,2,1,17013,191,16736
,14,69,2,2,34143,708,0
,14,70,1,1,0,0,5
,14,71,2,1,15038,750,16916
,14,72,2,1,1446,7,689
,14,73,1,1,628,3,186
,14,74,1,1,944,19,1381
,14,75,2,1,897,5,614
,14,76,4,3,0,0,0
,14,77,2,2,22461,541,5640
,14,78,2,2,61013,2450,58160
,14,79,1,2,47,0,76
,14,80,3,1,354631,2765,351469
,14,81,3,1,256320,6168,269482
,14,82,3,2,213170,2114,183074
,14,83,3,1,75853,359,43802
,14,84,2,2,23045,1012,0
,14,85,2,2,132372,956,160673
,14,86,3,2,372233,9183,394651
,14,87,2,1,7610,72,1367
,14,88,3,2,41924,2136,83727
,14,89,2,1,64235,385,34018
,14,90,2,1,26871,116,34314
,14,91,3,1,5200,93,2771
,14,92,3,2,11523,180,12761
,14,93,4,3,8233,94,7001
,14,94,2,2,25595,124,21278
,14,95,2,1,1663,54,2223
,14,96,2,1,1,0,1
,14,97,1,2,19945,423,20569
,14,98,2,2,73998,1610,110713
,14,99,2,1,1827,120,1193
,14,100,2,1,75,1,124
,14,101,2,1,14707,302,21534
,14,102,1,2,74,2,132
,14,103,2,2,16602,436,22393
,14,104,1,2,4722,60,3872
,14,105,4,3,0,0,0
,14,106,2,1,766,16,1081
,14,107,2,1,7982,342,10259
,14,108,2,2,85793,370,107368
,14,109,1,2,3952,10,3110
,14,110,2,1,285,23,457
,14,111,1,2,4579,48,4487
,14,112,1,1,0,0,0
,14,113,2,1,572,19,887
,14,114,1,1,41,0,43
,14,115,3,2,222678,27179,221507
,14,116,4,3,0,0,0
,14,117,2,1,25649,511,16088
,14,118,1,2,467,11,453
,14,119,2,1,1138,0,941
,14,120,1,2,14175,198,12699
,14,121,2,2,12497,348,19886
,14,122,2,1,20696,274,17141
,14,123,2,1,4901,72,3883
,14,124,2,1,3184,745,4071
,14,125,2,2,111489,1580,1506
,14,126,2,2,74,1,77
,14,127,2,1,192,4,0
,14,128,2,1,223,13,495
,14,129,3,1,24415,321,28779
,14,130,2,2,10094,282,9552
,14,131,2,2,8040,58,0
,14,132,2,2,7170,41,5605
,14,133,3,1,34937,1213,45119
,14,134,2,2,20536,575,49796
,14,135,2,1,424,3,34
,14,136,2,1,26247,463,25009
,14,137,2,2,185624,5273,173945
,14,138,3,1,50734,1569,46720
,14,139,2,2,193601,6589,152362
,14,140,2,2,84046,3835,192566
,14,141,2,2,12329,10,7815
,14,142,2,2,73251,2015,65758
,14,143,3,1,390052,12671,504414
,14,144,2,1,3546,65,7226
,14,145,1,2,4,0,5
,14,146,1,2,2195,22,2395
,14,147,1,1,655,6,681
,14,148,1,1,1,0,0
,14,149,1,2,691,7,534
,14,150,1,1,529,12,359
,14,151,2,2,9309,119,8732
,14,152,2,1,7997,244,6924
,14,153,2,2,63996,423,0
,14,154,1,1,1413,7,1272
,14,155,2,1,294,0,339
,14,156,2,2,400,0,595
,14,157,2,2,58170,2547,39248
,14,158,2,2,23608,333,29488
,14,159,1,1,1,0,4
,14,160,2,1,2473,109,142
,14,161,3,1,59632,5829,130639
,14,162,2,1,3997,29,604
,14,163,3,2,445434,10823,0
,14,164,2,2,18937,148,21788
,14,165,3,1,967,73,1497
,14,166,1,1,491,18,735
,14,167,2,2,90352,1235,0
,14,168,2,2,33612,585,0
,14,169,2,1,1540,106,2239
,14,170,2,2,44,1,89
,14,171,2,1,0,0,0
,14,172,3,1,0,0,0
,14,173,3,2,6413,6,12810
,14,174,1,1,43,0,35
,14,175,2,1,1827,7,1392
,14,176,1,1,149,5,298
,14,177,2,2,24392,1247,40560
,14,178,3,2,224125,2576,209819
,14,179,3,2,2418636,64805,0
,14,180,3,1,778,10,487
,14,181,3,1,133982,3544,158618
,14,182,2,2,87915,371,104267
,14,183,3,2,360640,16716,1987
,14,184,2,2,16256,172,15356
,14,185,2,1,1215,1,1305
,14,186,1,1,0,0,0
,14,187,2,1,12189,155,11947
,14,188,3,2,631,0,419
,14,189,4,3,24650,209,17943
,14,190,2,1,164,19,9
,14,191,2,1,24317,328,26498
,14,192,2,1,2701,246,6622
,15,1,2,1,19,1,11
,15,2,2,2,764,20,640
,15,3,3,2,163,4,136
,15,4,1,2,23,0,29
,15,5,2,1,47,0,78
,15,6,1,2,39,0,6
,15,7,3,2,4658,112,6317
,15,8,2,2,158,3,117
,15,9,2,2,8,0,5
,15,10,2,2,1409,13,1601
,15,11,2,1,125,3,71
,15,12,1,1,0,0,0
,15,13,1,2,645,3,806
,15,14,3,1,585,8,873
,15,15,1,2,47,3,36
,15,16,2,1,961,9,666
,15,17,2,2,783,29,0
,15,18,1,1,20,0,24
,15,19,2,1,0,0,0
,15,20,1,1,0,0,0
,15,21,2,1,757,17,620
,15,22,2,2,0,0,0
,15,23,2,1,2356,22,1640
,15,24,3,2,35742,778,55295
,15,25,1,2,0,0,0
,15,26,2,2,2588,117,1085
,15,27,2,1,48,1,95
,15,28,4,3,20,0,7
,15,29,2,1,8,0,0
,15,30,4,3,32,0,61
,15,31,2,1,24,0,1
,15,32,2,1,0,0,0
,15,33,2,2,3694,24,3829
,15,34,2,1,0,0,0
,15,35,2,1,13,0,5
,15,36,2,2,5145,88,3683
,15,37,3,2,25,1,31
,15,38,3,2,3570,100,3384
,15,39,1,1,7,0,17
,15,40,2,1,0,0,0
,15,41,3,1,49,0,0
,15,42,2,2,745,12,4752
,15,43,2,1,37,1,-912
,15,44,2,2,91,11,401
,15,45,2,2,811,2,864
,15,46,1,2,302,0,0
,15,47,2,2,4571,130,3065
,15,48,2,2,497,4,336
,15,49,4,3,0,0,0
,15,50,1,1,21,0,1
,15,51,1,1,0,0,0
,15,52,2,1,381,6,740
,15,53,2,2,212,21,0
,15,54,3,1,586,48,455
,15,55,2,1,0,7,0
,15,56,1,1,90,1,10
,15,57,2,1,19,0,8
,15,58,1,2,1028,9,195
,15,59,1,1,11,0,124
,15,60,3,1,900,8,319
,15,61,1,1,0,0,0
,15,62,2,2,392,8,0
,15,63,3,2,766,375,3516
,15,64,2,1,285,4,145
,15,65,2,1,0,0,0
,15,66,2,1,160,10,409
,15,67,3,2,5274,362,1171
,15,68,2,1,0,0,0
,15,69,2,2,1170,30,0
,15,70,1,1,0,0,0
,15,71,2,1,111,9,305
,15,72,2,1,13,0,20
,15,73,1,1,0,0,0
,15,74,1,1,10,2,21
,15,75,2,1,18,0,51
,15,76,4,3,0,0,0
,15,77,2,2,681,23,196
,15,78,2,2,4326,84,1828
,15,79,1,2,5,0,6
,15,80,3,1,12286,91,12469
,15,81,3,1,6680,159,9212
,15,82,3,2,8510,108,6809
,15,83,3,1,3599,22,3708
,15,84,2,2,681,0,0
,15,85,2,2,4151,8,2440
,15,86,3,2,13106,246,10894
,15,87,2,1,336,3,92
,15,88,3,2,688,51,1285
,15,89,2,1,6068,26,2657
,15,90,2,1,681,6,1320
,15,91,3,1,152,3,39
,15,92,3,2,341,1,268
,15,93,4,3,0,0,0
,15,94,2,2,1179,2,946
,15,95,2,1,57,1,59
,15,96,2,1,0,0,0
,15,97,1,2,272,3,0
,15,98,2,2,1888,51,2680
,15,99,2,1,4,3,23
,15,100,2,1,0,0,0
,15,101,2,1,789,31,876
,15,102,1,2,8,0,0
,15,103,2,2,253,9,63
,15,104,1,2,370,2,532
,15,105,4,3,0,0,0
,15,106,2,1,0,0,0
,15,107,2,1,63,4,639
,15,108,2,2,1828,5,2486
,15,109,1,2,186,0,94
,15,110,2,1,14,2,6
,15,111,1,2,175,1,216
,15,112,1,1,0,0,0
,15,113,2,1,10,0,20
,15,114,1,1,9,0,17
,15,115,3,2,2343,437,6043
,15,116,4,3,0,0,0
,15,117,2,1,994,26,655
,15,118,1,2,9,0,10
,15,119,2,1,48,0,31
,15,120,1,2,449,12,484
,15,121,2,2,112,14,299
,15,122,2,1,257,12,317
,15,123,2,1,188,4,74
,15,124,2,1,73,3,64
,15,125,2,2,3783,22,68
,15,126,2,2,4,0,2
,15,127,2,1,0,0,0
,15,128,2,1,0,0,0
,15,129,3,1,360,8,136
,15,130,2,2,233,7,274
,15,131,2,2,729,1,0
,15,132,2,2,312,7,226
,15,133,3,1,1163,42,1035
,15,134,2,2,505,13,1104
,15,135,2,1,90,2,0
,15,136,2,1,974,17,957
,15,137,2,2,5942,195,6533
,15,138,3,1,2029,4,80
,15,139,2,2,4786,24,8032
,15,140,2,2,394,34,1258
,15,141,2,2,473,1,440
,15,142,2,2,2096,53,1119
,15,143,3,1,11450,325,11170
,15,144,2,1,136,3,9
,15,145,1,2,0,0,0
,15,146,1,2,0,1,0
,15,147,1,1,72,0,6
,15,148,1,1,0,0,0
,15,149,1,2,30,0,19
,15,150,1,1,42,1,31
,15,151,2,2,317,6,335
,15,152,2,1,212,8,267
,15,153,2,2,3469,16,0
,15,154,1,1,70,0,78
,15,155,2,1,0,0,0
,15,156,2,2,12,0,7
,15,157,2,2,842,81,0
,15,158,2,2,243,18,0
,15,159,1,1,0,0,0
,15,160,2,1,135,4,6
,15,161,3,1,566,84,1077
,15,162,2,1,84,1,0
,15,163,3,2,15978,467,0
,15,164,2,2,458,12,475
,15,165,3,1,17,10,68
,15,166,1,1,4,1,7
,15,167,2,2,0,0,0
,15,168,2,2,2560,22,0
,15,169,2,1,54,5,79
,15,170,2,2,0,0,0
,15,171,2,1,0,0,0
,15,172,3,1,0,0,0
,15,173,3,2,0,0,0
,15,174,1,1,0,0,0
,15,175,2,1,32,1,3
,15,176,1,1,3,0,8
,15,177,2,2,392,21,772
,15,178,3,2,9891,69,5947
,15,179,3,2,58810,1565,0
,15,180,3,1,10,0,323
,15,181,3,1,4406,76,1808
,15,182,2,2,2526,17,1107
,15,183,3,2,5462,104,3
,15,184,2,2,595,3,585
,15,185,2,1,0,0,0
,15,186,1,1,0,0,0
,15,187,2,1,429,4,813
,15,188,3,2,0,0,0
,15,189,4,3,1724,16,808
,15,190,2,1,25,0,0
,15,191,2,1,468,7,589
,15,192,2,1,26,5,239